"Address","Content Type","Status Code","Status","Indexability","Indexability Status","Title 1","Title 1 Length","Title 1 Pixel Width","Meta Description 1","Meta Description 1 Length","Meta Description 1 Pixel Width","Meta Keyword 1","Meta Keywords 1 Length","H1-1","H1-1 length","H2-1","H2-1 length","H2-2","H2-2 length","Meta Robots 1","X-Robots-Tag 1","Meta Refresh 1","Canonical Link Element 1","rel=""next"" 1","rel=""prev"" 1","HTTP rel=""next"" 1","HTTP rel=""prev"" 1","Size (bytes)","Word Count","Text Ratio","Crawl Depth","Link Score","Inlinks","Unique Inlinks","% of Total","Outlinks","Unique Outlinks","External Outlinks","Unique External Outlinks","Closest Similarity Match","No. Near Duplicates","Spelling Errors","Grammar Errors","Hash","Response Time","Last Modified","Redirect URL","Redirect Type","Cookies","HTTP Version","URL Encoded Address"
"https://seohacks.es/","text/html; charset=UTF-8","200","OK","Indexable","","SEO Hacks por Nacho Mascort | Blog sobre SEO","44","439","Blog sobre SEO","14","101","","0","SEO Hacks por Nacho Mascort","27","Hablemos de Accesibilidad Web para SEO (I)","42","¿Cómo montar un protocolo https gratis para WordPress?","54","","","","https://seohacks.es/","https://seohacks.es/page/2/","","","","56756","1646","16.931","0","","139","26","96.300","86","19","7","7","","","","","5b4c937b0c5c2006f6d96101a7b2cd9b","0.101","Thu, 10 Dec 2020 22:49:38 GMT","","","","HTTP/1.1","https://seohacks.es/"
"https://seohacks.es/wp-includes/css/dist/block-library/style.min.css?ver=5.0.11","text/css; charset=UTF-8","200","OK","Indexable","","","0","0","","0","0","","0","","0","","0","","0","","","","","","","","","5093","0","0.000","1","","0","0","0.000","0","0","0","0","","","","","","0.096","Thu, 14 Feb 2019 15:13:50 GMT","","","","HTTP/1.1","https://seohacks.es/wp-includes/css/dist/block-library/style.min.css?ver=5.0.11"
"https://seohacks.es/wp-content/uploads/2016/02/Guía-de-los-Quality-Raters-de-Google-Conclusiones-SEO-750x310.jpg","image/jpeg","200","OK","Indexable","","","0","0","","0","0","","0","","0","","0","","0","","","","","","","","","43164","0","0.000","1","","0","0","0.000","0","0","0","0","","","","","","0.104","Tue, 04 Oct 2016 09:52:27 GMT","","","","HTTP/1.1","https://seohacks.es/wp-content/uploads/2016/02/Gu%C3%ADa-de-los-Quality-Raters-de-Google-Conclusiones-SEO-750x310.jpg"
"https://seohacks.es/wp-includes/js/jquery/jquery-migrate.min.js?ver=1.4.1","application/javascript","200","OK","Indexable","","","0","0","","0","0","","0","","0","","0","","0","","","","","","","","","4251","0","0.000","1","","0","0","0.000","0","0","0","0","","","","","","0.142","Tue, 04 Oct 2016 10:06:10 GMT","","","","HTTP/1.1","https://seohacks.es/wp-includes/js/jquery/jquery-migrate.min.js?ver=1.4.1"
"https://seohacks.es/wp-content/uploads/2016/03/contenido-duplicado-750x372.jpg","image/jpeg","200","OK","Indexable","","","0","0","","0","0","","0","","0","","0","","0","","","","","","","","","64904","0","0.000","1","","0","0","0.000","0","0","0","0","","","","","","0.185","Tue, 04 Oct 2016 09:52:32 GMT","","","","HTTP/1.1","https://seohacks.es/wp-content/uploads/2016/03/contenido-duplicado-750x372.jpg"
"https://seohacks.es/wp-content/themes/sparkling/assets/css/fontawesome-all.min.css?ver=5.1.1.","text/css; charset=UTF-8","200","OK","Indexable","","","0","0","","0","0","","0","","0","","0","","0","","","","","","","","","9333","0","0.000","1","","0","0","0.000","0","0","0","0","","","","","","0.128","Thu, 14 Feb 2019 15:15:31 GMT","","","","HTTP/1.1","https://seohacks.es/wp-content/themes/sparkling/assets/css/fontawesome-all.min.css?ver=5.1.1."
"https://seohacks.es/wp-content/plugins/yet-another-stars-rating/js/yasr-front.js?ver=2.2.7","application/javascript","200","OK","Indexable","","","0","0","","0","0","","0","","0","","0","","0","","","","","","","","","2792","0","0.000","1","","0","0","0.000","0","0","0","0","","","","","","0.109","Thu, 02 Apr 2020 07:47:10 GMT","","","","HTTP/1.1","https://seohacks.es/wp-content/plugins/yet-another-stars-rating/js/yasr-front.js?ver=2.2.7"
"https://seohacks.es/blog/","text/html; charset=UTF-8","200","OK","Indexable","","Artículos de SEO Hacks por Nacho Mascort","40","391","Los últimos artículos del blog SEO Hacks por Nacho Mascort. Descubre las últimas novedades del blog entrando ahora!","115","759","","0","Categoría: Artículos de SEO","27","Hablemos de Accesibilidad Web para SEO (I)","42","¿Cómo montar un protocolo https gratis para WordPress?","54","","","","https://seohacks.es/blog/","https://seohacks.es/blog/page/2/","","","","57286","1650","16.779","1","","46","26","96.300","85","19","7","7","","","","","b88d241b1cb5af9539d08ef8a455e7fb","0.153","Fri, 11 Dec 2020 10:01:25 GMT","","","","HTTP/1.1","https://seohacks.es/blog/"
"https://seohacks.es/relacion-semantica-inversa/","text/html; charset=UTF-8","200","OK","Indexable","","Rankeando por Relación Semántica Inversa (RSI) | SEO Hacks","58","563","","0","0","","0","Rankeando por Relación Semántica Inversa (RSI)","46","Metodología SEO","15","","0","","","","https://seohacks.es/relacion-semantica-inversa/","","","","","58157","1445","15.292","1","","56","25","92.590","49","17","16","12","","","","","d4250186dd0ea0991f792401266c6e56","0.167","Thu, 10 Dec 2020 19:48:57 GMT","","","","HTTP/1.1","https://seohacks.es/relacion-semantica-inversa/"
"https://seohacks.es/wp-content/uploads/2015/12/cropped-logo_final_seohacks4-92.png","image/png","200","OK","Indexable","","","0","0","","0","0","","0","","0","","0","","0","","","","","","","","","3776","0","0.000","1","","0","0","0.000","0","0","0","0","","","","","","0.077","Tue, 04 Oct 2016 09:52:13 GMT","","","","HTTP/1.1","https://seohacks.es/wp-content/uploads/2015/12/cropped-logo_final_seohacks4-92.png"
"https://seohacks.es/wp-content/plugins/contact-form-7/includes/js/scripts.js?ver=5.1.7","application/javascript","200","OK","Indexable","","","0","0","","0","0","","0","","0","","0","","0","","","","","","","","","4637","0","0.000","1","","0","0","0.000","0","0","0","0","","","","","","0.089","Thu, 02 Apr 2020 07:45:47 GMT","","","","HTTP/1.1","https://seohacks.es/wp-content/plugins/contact-form-7/includes/js/scripts.js?ver=5.1.7"
"https://seohacks.es/wp-content/themes/sparkling/assets/css/bootstrap.min.css?ver=5.0.11","text/css; charset=UTF-8","200","OK","Indexable","","","0","0","","0","0","","0","","0","","0","","0","","","","","","","","","24745","0","0.000","1","","0","0","0.000","0","0","0","0","","","","","","0.108","Thu, 14 Feb 2019 15:15:31 GMT","","","","HTTP/1.1","https://seohacks.es/wp-content/themes/sparkling/assets/css/bootstrap.min.css?ver=5.0.11"
"https://seohacks.es/ddos/","text/html; charset=UTF-8","200","OK","Indexable","","Defiendete de CUALQUIER ataque DDoS | SEO Hacks","47","490","","0","0","","0","Todo lo que aprendí después de perder 120.000 visitas por un ataque DDoS","72","Qué es un ataque DDoS","21","DDos vs DoS","11","","","","https://seohacks.es/ddos/","","","","","94012","3288","21.623","1","","97","25","92.590","104","27","26","22","","","","","43018a780115a16757d6205d26076322","0.183","Thu, 10 Dec 2020 22:49:42 GMT","","","","HTTP/1.1","https://seohacks.es/ddos/"
"https://seohacks.es/wp-content/plugins/fancier-author-box/js/ts-fab.min.js?ver=1.4","application/javascript","200","OK","Indexable","","","0","0","","0","0","","0","","0","","0","","0","","","","","","","","","267","0","0.000","1","","0","0","0.000","0","0","0","0","","","","","","0.145","Tue, 04 Oct 2016 09:50:36 GMT","","","","HTTP/1.1","https://seohacks.es/wp-content/plugins/fancier-author-box/js/ts-fab.min.js?ver=1.4"
"https://seohacks.es/wp-content/plugins/easy-bootstrap-shortcodes/styles/ebs_dynamic_css.php?ver=5.0.11","text/css;charset=UTF-8","200","OK","Indexable","","","0","0","","0","0","","0","","0","","0","","0","","","","","","","","","0","0","0.000","1","","0","0","0.000","0","0","0","0","","","","","","0.178","","","","","HTTP/1.1","https://seohacks.es/wp-content/plugins/easy-bootstrap-shortcodes/styles/ebs_dynamic_css.php?ver=5.0.11"
"https://seohacks.es/wp-content/themes/sparkling/assets/js/functions.js?ver=20180503","application/javascript","200","OK","Indexable","","","0","0","","0","0","","0","","0","","0","","0","","","","","","","","","1013","0","0.000","1","","0","0","0.000","0","0","0","0","","","","","","0.078","Thu, 14 Feb 2019 15:15:31 GMT","","","","HTTP/1.1","https://seohacks.es/wp-content/themes/sparkling/assets/js/functions.js?ver=20180503"
"https://seohacks.es/wp-content/plugins/yet-another-stars-rating/css/yasr-table-light.css?ver=2.2.7","text/css; charset=UTF-8","200","OK","Indexable","","","0","0","","0","0","","0","","0","","0","","0","","","","","","","","","404","0","0.000","1","","0","0","0.000","0","0","0","0","","","","","","0.157","Thu, 02 Apr 2020 07:47:10 GMT","","","","HTTP/1.1","https://seohacks.es/wp-content/plugins/yet-another-stars-rating/css/yasr-table-light.css?ver=2.2.7"
"https://seohacks.es/wp-content/themes/sparkling/style.css?ver=2.4.2","text/css; charset=UTF-8","200","OK","Indexable","","","0","0","","0","0","","0","","0","","0","","0","","","","","","","","","11665","0","0.000","1","","0","0","0.000","0","0","0","0","","","","","","0.186","Thu, 14 Feb 2019 15:15:31 GMT","","","","HTTP/1.1","https://seohacks.es/wp-content/themes/sparkling/style.css?ver=2.4.2"
"https://seohacks.es/wp-content/uploads/2016/05/ataques-ddos-750x384.jpg","image/jpeg","200","OK","Indexable","","","0","0","","0","0","","0","","0","","0","","0","","","","","","","","","55554","0","0.000","1","","0","0","0.000","0","0","0","0","","","","","","0.200","Tue, 04 Oct 2016 09:52:40 GMT","","","","HTTP/1.1","https://seohacks.es/wp-content/uploads/2016/05/ataques-ddos-750x384.jpg"
"https://seohacks.es/wp-content/plugins/thrive-visual-editor/thrive-dashboard/js/dist/frontend.min.js?ver=2.2.12","application/javascript","200","OK","Indexable","","","0","0","","0","0","","0","","0","","0","","0","","","","","","","","","931","0","0.000","1","","0","0","0.000","0","0","0","0","","","","","","0.067","Thu, 02 Apr 2020 07:46:42 GMT","","","","HTTP/1.1","https://seohacks.es/wp-content/plugins/thrive-visual-editor/thrive-dashboard/js/dist/frontend.min.js?ver=2.2.12"
"https://seohacks.es/wp-content/plugins/wp-gdpr-compliance/assets/js/front.js?ver=1560947218","application/javascript","200","OK","Indexable","","","0","0","","0","0","","0","","0","","0","","0","","","","","","","","","3785","0","0.000","1","","0","0","0.000","0","0","0","0","","","","","","0.076","Wed, 19 Jun 2019 12:26:58 GMT","","","","HTTP/1.1","https://seohacks.es/wp-content/plugins/wp-gdpr-compliance/assets/js/front.js?ver=1560947218"
"https://seohacks.es/wp-content/plugins/yet-another-stars-rating/css/yasr.css?ver=2.2.7","text/css; charset=UTF-8","200","OK","Indexable","","","0","0","","0","0","","0","","0","","0","","0","","","","","","","","","1398","0","0.000","1","","0","0","0.000","0","0","0","0","","","","","","0.093","Thu, 02 Apr 2020 07:47:10 GMT","","","","HTTP/1.1","https://seohacks.es/wp-content/plugins/yet-another-stars-rating/css/yasr.css?ver=2.2.7"
"https://seohacks.es/wp-content/plugins/fancier-author-box/css/ts-fab.min.css?ver=1.4","text/css; charset=UTF-8","200","OK","Indexable","","","0","0","","0","0","","0","","0","","0","","0","","","","","","","","","1005","0","0.000","1","","0","0","0.000","0","0","0","0","","","","","","0.142","Tue, 04 Oct 2016 09:50:35 GMT","","","","HTTP/1.1","https://seohacks.es/wp-content/plugins/fancier-author-box/css/ts-fab.min.css?ver=1.4"
"https://seohacks.es/wp-content/uploads/2017/03/accesibilidad-web-750x410.jpg","image/jpeg","200","OK","Indexable","","","0","0","","0","0","","0","","0","","0","","0","","","","","","","","","42604","0","0.000","1","","0","0","0.000","0","0","0","0","","","","","","0.222","Wed, 29 Mar 2017 21:28:20 GMT","","","","HTTP/1.1","https://seohacks.es/wp-content/uploads/2017/03/accesibilidad-web-750x410.jpg"
"https://seohacks.es/wp-content/plugins/cookie-notice/css/front.min.css?ver=5.0.11","text/css; charset=UTF-8","200","OK","Indexable","","","0","0","","0","0","","0","","0","","0","","0","","","","","","","","","1575","0","0.000","1","","0","0","0.000","0","0","0","0","","","","","","0.118","Thu, 02 Apr 2020 07:45:57 GMT","","","","HTTP/1.1","https://seohacks.es/wp-content/plugins/cookie-notice/css/front.min.css?ver=5.0.11"
"https://seohacks.es/wp-content/plugins/table-of-contents-plus/front.min.js?ver=2002","application/javascript","200","OK","Indexable","","","0","0","","0","0","","0","","0","","0","","0","","","","","","","","","2458","0","0.000","1","","0","0","0.000","0","0","0","0","","","","","","0.029","Thu, 02 Apr 2020 07:46:16 GMT","","","","HTTP/1.1","https://seohacks.es/wp-content/plugins/table-of-contents-plus/front.min.js?ver=2002"
"https://seohacks.es/wp-content/uploads/2016/08/300x100.jpg","image/jpeg","200","OK","Indexable","","","0","0","","0","0","","0","","0","","0","","0","","","","","","","","","12534","0","0.000","1","","0","0","0.000","0","0","0","0","","","","","","0.115","Tue, 04 Oct 2016 09:52:43 GMT","","","","HTTP/1.1","https://seohacks.es/wp-content/uploads/2016/08/300x100.jpg"
"https://seohacks.es/aviso-legal/","text/html; charset=UTF-8","200","OK","Non-Indexable","noindex","Aviso Legal | SEO Hacks por Nacho Mascort","41","398","","0","0","","0","Aviso Legal","11","I- TÉRMINOS Y CONDICIONES DE USO DEL BLOG","41","“COOKIES”","9","noindex,follow","","","","","","","","45766","1759","24.404","1","","61","26","96.300","28","17","7","7","","","","","7c56acedc30c866359f30da0eb0216fb","0.175","Fri, 11 Dec 2020 13:29:33 GMT","","","","HTTP/1.1","https://seohacks.es/aviso-legal/"
"https://seohacks.es/crawl-budget-optimizar-http-304/","text/html; charset=UTF-8","200","OK","Indexable","","Optimizando el Crawl Budget con códigos de estado HTTP 304","58","560","","0","0","","0","Optimizando el Crawl Budget con códigos de estado HTTP 304","58","Espiando al espía: análisis de logs","35","Códigos de estado http más comunes","34","","","","https://seohacks.es/crawl-budget-optimizar-http-304/","","","","","83598","2585","19.029","1","","108","25","92.590","88","18","20","16","","","","","a1e42b817f5cd07c8bfbae90d8b50ece","0.158","Thu, 10 Dec 2020 21:03:53 GMT","","","","HTTP/1.1","https://seohacks.es/crawl-budget-optimizar-http-304/"
"https://seohacks.es/wp-content/uploads/2016/02/latent-semantic-index-seo-750x359.jpg","image/jpeg","200","OK","Indexable","","","0","0","","0","0","","0","","0","","0","","0","","","","","","","","","32385","0","0.000","1","","0","0","0.000","0","0","0","0","","","","","","0.166","Tue, 04 Oct 2016 09:52:28 GMT","","","","HTTP/1.1","https://seohacks.es/wp-content/uploads/2016/02/latent-semantic-index-seo-750x359.jpg"
"https://seohacks.es/wp-includes/js/jquery/jquery.js?ver=1.12.4","application/javascript","200","OK","Indexable","","","0","0","","0","0","","0","","0","","0","","0","","","","","","","","","38048","0","0.000","1","","0","0","0.000","0","0","0","0","","","","","","0.184","Thu, 05 Sep 2019 11:40:56 GMT","","","","HTTP/1.1","https://seohacks.es/wp-includes/js/jquery/jquery.js?ver=1.12.4"
"https://seohacks.es/wp-content/uploads/2016/05/linkbuilding-alex-navarro-750x373.jpg","image/jpeg","200","OK","Indexable","","","0","0","","0","0","","0","","0","","0","","0","","","","","","","","","41392","0","0.000","1","","0","0","0.000","0","0","0","0","","","","","","0.191","Tue, 04 Oct 2016 09:52:41 GMT","","","","HTTP/1.1","https://seohacks.es/wp-content/uploads/2016/05/linkbuilding-alex-navarro-750x373.jpg"
"https://seohacks.es/wp-content/plugins/yet-another-stars-rating/js/rater-js.js?ver=2.2.7","application/javascript","200","OK","Indexable","","","0","0","","0","0","","0","","0","","0","","0","","","","","","","","","4290","0","0.000","1","","0","0","0.000","0","0","0","0","","","","","","0.194","Thu, 02 Apr 2020 07:47:10 GMT","","","","HTTP/1.1","https://seohacks.es/wp-content/plugins/yet-another-stars-rating/js/rater-js.js?ver=2.2.7"
"https://seohacks.es/wp-content/uploads/2016/12/HTTPS-gratis-750x410.png","image/png","200","OK","Indexable","","","0","0","","0","0","","0","","0","","0","","0","","","","","","","","","233216","0","0.000","1","","0","0","0.000","0","0","0","0","","","","","","0.320","Thu, 22 Dec 2016 16:21:31 GMT","","","","HTTP/1.1","https://seohacks.es/wp-content/uploads/2016/12/HTTPS-gratis-750x410.png"
"https://seohacks.es/imagenes-originales/","text/html; charset=UTF-8","200","OK","Indexable","","Imágenes ORIGINALES parar Evitar Contenido Duplicado","52","515","Evitar tener contenido duplicado es realmente importante y si nos obsesionamos por no tener textos copiados deberíamos hacer lo mismo con las imágenes.","151","996","","0","Cómo hacer creer a Google que tus imágenes son originales (cuando no lo son)","76","La importancia de las imágenes para el SEO","42","Has estado utilizando Google imágenes incorrectamente","53","","","","https://seohacks.es/imagenes-originales/","","","","","75104","2058","16.892","1","","77","25","92.590","74","17","20","16","","","","","f1c13d25fab63ad2cae16f12c713aed5","0.339","Thu, 10 Dec 2020 18:11:02 GMT","","","","HTTP/1.1","https://seohacks.es/imagenes-originales/"
"https://seohacks.es/wp-content/plugins/easy-bootstrap-shortcodes/styles/bootstrap.min.css?ver=5.0.11","text/css; charset=UTF-8","200","OK","Indexable","","","0","0","","0","0","","0","","0","","0","","0","","","","","","","","","24452","0","0.000","1","","0","0","0.000","0","0","0","0","","","","","","0.434","Tue, 04 Oct 2016 09:50:33 GMT","","","","HTTP/1.1","https://seohacks.es/wp-content/plugins/easy-bootstrap-shortcodes/styles/bootstrap.min.css?ver=5.0.11"
"https://seohacks.es/wp-content/plugins/wp-gdpr-compliance/assets/css/front.css?ver=1560947218","text/css; charset=UTF-8","200","OK","Indexable","","","0","0","","0","0","","0","","0","","0","","0","","","","","","","","","2219","0","0.000","1","","0","0","0.000","0","0","0","0","","","","","","0.481","Wed, 19 Jun 2019 12:26:58 GMT","","","","HTTP/1.1","https://seohacks.es/wp-content/plugins/wp-gdpr-compliance/assets/css/front.css?ver=1560947218"
"https://seohacks.es/wp-content/plugins/contact-form-7/includes/css/styles.css?ver=5.1.7","text/css; charset=UTF-8","200","OK","Indexable","","","0","0","","0","0","","0","","0","","0","","0","","","","","","","","","725","0","0.000","1","","0","0","0.000","0","0","0","0","","","","","","0.149","Thu, 02 Apr 2020 07:45:47 GMT","","","","HTTP/1.1","https://seohacks.es/wp-content/plugins/contact-form-7/includes/css/styles.css?ver=5.1.7"
"https://seohacks.es/creando-blog-seo-wordpress/","text/html; charset=UTF-8","200","OK","Indexable","","Creando mi blog SEO en Wordpress | SEO Hacks","44","445","Esta es la primera entrada del blog y de la sección: Evolución del blog. Mira todos los pasos que he seguido para la creación de mi blog SEO en Wordpress!","154","990","","0","#1 Creando mi blog SEO en WordPress","35","Creando mi blog SEO en WordPress","32","Primeros pasos","14","","","","https://seohacks.es/creando-blog-seo-wordpress/","","","","","70954","2218","19.002","1","","48","7","25.930","78","31","31","26","","","","","bc2cd465850a46ecc18e3019902ce00d","0.368","Fri, 11 Dec 2020 10:02:01 GMT","","","","HTTP/1.1","https://seohacks.es/creando-blog-seo-wordpress/"
"https://seohacks.es/wp-content/uploads/2016/04/black-hat-cloaking-750x220.jpg","image/jpeg","200","OK","Indexable","","","0","0","","0","0","","0","","0","","0","","0","","","","","","","","","19202","0","0.000","1","","0","0","0.000","0","0","0","0","","","","","","0.464","Tue, 04 Oct 2016 09:52:33 GMT","","","","HTTP/1.1","https://seohacks.es/wp-content/uploads/2016/04/black-hat-cloaking-750x220.jpg"
"https://seohacks.es/seo-tips-gary-illyes/","text/html; charset=UTF-8","200","OK","Indexable","","SEO tips de Gary Illyes | SEO Hacks por Nacho Mascort","53","504","","0","0","","0","SEO tips de Gary Illyes","23","Marzo","5","Febrero","7","","","","https://seohacks.es/seo-tips-gary-illyes/","","","","","60902","2491","24.743","1","","28","26","96.300","20","16","92","92","","","","","7313c625a92d3ff089f7c6591ea8ab6c","0.470","Thu, 10 Dec 2020 19:49:05 GMT","","","","HTTP/1.1","https://seohacks.es/seo-tips-gary-illyes/"
"https://seohacks.es/wp-content/uploads/2016/03/Relación-Semántica-Inversa-RSI-750x326.jpg","image/jpeg","200","OK","Indexable","","","0","0","","0","0","","0","","0","","0","","0","","","","","","","","","23514","0","0.000","1","","0","0","0.000","0","0","0","0","","","","","","0.285","Tue, 04 Oct 2016 09:52:32 GMT","","","","HTTP/1.1","https://seohacks.es/wp-content/uploads/2016/03/Relaci%C3%B3n-Sem%C3%A1ntica-Inversa-RSI-750x326.jpg"
"https://seohacks.es/guia-quality-raters-google/","text/html; charset=UTF-8","200","OK","Indexable","","Guía de los Quality Raters de Google: Conclusiones SEO","54","512","Me he leído la guía de los Quality Raters de Google y vengo a contarte mis conclusiones al respecto. No te lo pierdas haciendo clic aquí.","137","866","","0","Guía de los Quality Raters de Google: Conclusiones SEO (I)","58","Search Quality Rating Guidelines","32","5 comentarios en “Guía de los Quality Raters de Google: Conclusiones SEO (I)”","77","","","","https://seohacks.es/guia-quality-raters-google/","","","","","68921","2249","19.285","1","","61","25","92.590","59","23","18","13","","","","","b5fe9cfccd24d7250614af395a99d6dc","0.381","Fri, 11 Dec 2020 10:01:50 GMT","","","","HTTP/1.1","https://seohacks.es/guia-quality-raters-google/"
"https://seohacks.es/link-building-alex-navarro/","text/html; charset=UTF-8","200","OK","Indexable","","Destripando la estrategia de Link Building de Álex Navarro | SEO Hacks por Nacho Mascort","88","812","","0","0","","0","Destripando la estrategia de Link Building de Álex Navarro","58","¿Quién es Álex Navarro?","23","Escogiendo uno de sus proyectos","31","","","","https://seohacks.es/link-building-alex-navarro/","","","","","99612","4346","26.036","1","","93","25","92.590","103","28","24","19","","","","","6301a91fb9ce71e84bdabd29aabee858","0.177","Fri, 11 Dec 2020 10:01:13 GMT","","","","HTTP/1.1","https://seohacks.es/link-building-alex-navarro/"
"https://seohacks.es/wp-content/plugins/table-of-contents-plus/screen.min.css?ver=2002","text/css; charset=UTF-8","200","OK","Indexable","","","0","0","","0","0","","0","","0","","0","","0","","","","","","","","","471","0","0.000","1","","0","0","0.000","0","0","0","0","","","","","","0.214","Thu, 02 Apr 2020 07:46:16 GMT","","","","HTTP/1.1","https://seohacks.es/wp-content/plugins/table-of-contents-plus/screen.min.css?ver=2002"
"https://seohacks.es/cloaking/","text/html; charset=UTF-8","200","OK","Indexable","","Cloaking: CASO PRÁCTICO de Black Hat SEO","40","419","En este pots te enseño un ejemplo de cloaking en uno de los nichos más spammers que existe. Haz clic ahora y descubre de que estoy hablando.","140","927","","0","Cloaking: Caso práctico de Black Hat SEO","40","Cloaking","8"," El nicho ideal","15","","","","https://seohacks.es/cloaking/","","","","","77570","2114","16.722","1","","81","25","92.590","81","22","20","16","","","","","679492b1bb84294d08f8cb6403cecc1d","0.269","Thu, 10 Dec 2020 19:49:10 GMT","","","","HTTP/1.1","https://seohacks.es/cloaking/"
"https://seohacks.es/wp-content/plugins/easy-bootstrap-shortcodes/styles/font-awesome.min.css?ver=5.0.11","text/css; charset=UTF-8","200","OK","Indexable","","","0","0","","0","0","","0","","0","","0","","0","","","","","","","","","5533","0","0.000","1","","0","0","0.000","0","0","0","0","","","","","","0.322","Tue, 04 Oct 2016 09:50:34 GMT","","","","HTTP/1.1","https://seohacks.es/wp-content/plugins/easy-bootstrap-shortcodes/styles/font-awesome.min.css?ver=5.0.11"
"https://seohacks.es/wp-includes/js/wp-embed.min.js?ver=5.0.11","application/javascript","200","OK","Indexable","","","0","0","","0","0","","0","","0","","0","","0","","","","","","","","","763","0","0.000","1","","0","0","0.000","0","0","0","0","","","","","","0.216","Thu, 14 Feb 2019 15:08:10 GMT","","","","HTTP/1.1","https://seohacks.es/wp-includes/js/wp-embed.min.js?ver=5.0.11"
"https://seohacks.es/wp-content/plugins/easy-bootstrap-shortcodes/js/bootstrap.min.js?ver=5.0.11","application/javascript","200","OK","Indexable","","","0","0","","0","0","","0","","0","","0","","0","","","","","","","","","8415","0","0.000","1","","0","0","0.000","0","0","0","0","","","","","","0.315","Tue, 04 Oct 2016 09:50:31 GMT","","","","HTTP/1.1","https://seohacks.es/wp-content/plugins/easy-bootstrap-shortcodes/js/bootstrap.min.js?ver=5.0.11"
"https://seohacks.es/wp-includes/css/dashicons.min.css?ver=5.0.11","text/css; charset=UTF-8","200","OK","Indexable","","","0","0","","0","0","","0","","0","","0","","0","","","","","","","","","28902","0","0.000","1","","0","0","0.000","0","0","0","0","","","","","","0.209","Mon, 11 Jun 2018 11:29:06 GMT","","","","HTTP/1.1","https://seohacks.es/wp-includes/css/dashicons.min.css?ver=5.0.11"
"https://seohacks.es/wp-content/plugins/yet-another-stars-rating/js/tippy.all.min.js?ver=3.6.0","application/javascript","200","OK","Indexable","","","0","0","","0","0","","0","","0","","0","","0","","","","","","","","","16931","0","0.000","1","","0","0","0.000","0","0","0","0","","","","","","0.347","Thu, 02 Apr 2020 07:47:10 GMT","","","","HTTP/1.1","https://seohacks.es/wp-content/plugins/yet-another-stars-rating/js/tippy.all.min.js?ver=3.6.0"
"https://seohacks.es/page/2/","text/html; charset=UTF-8","200","OK","Indexable","","SEO Hacks por Nacho Mascort | Página 2 de 2 | Blog sobre SEO","60","579","Blog sobre SEO","14","101","","0","SEO Hacks por Nacho Mascort","27","Piel de cordero: Analizando la técnica Black Hat","48","Nueva tendencia SEO 2016: credibilidad vs autoridad","51","","","","https://seohacks.es/page/2/","","https://seohacks.es/","","","50670","1204","14.596","1","","4","2","7.410","67","26","12","12","","","","","5cfb7fef7a7ea3e5b83c27586be364d","0.319","Thu, 10 Dec 2020 18:11:00 GMT","","","","HTTP/1.1","https://seohacks.es/page/2/"
"https://seohacks.es/accesibilidad-web-seo-parte-1/","text/html; charset=UTF-8","200","OK","Indexable","","Hablemos de Accesibilidad Web para SEO (I) | SEO Hacks por Nacho Mascort","72","700","","0","0","","0","Hablemos de Accesibilidad Web para SEO (I)","42","¿Cómo funciona Google?","22","Elementos SEO que afectan a la accesibilidad","44","","","","https://seohacks.es/accesibilidad-web-seo-parte-1/","","","","","72674","2321","19.584","1","","84","25","92.590","69","24","22","18","","","","","b6558df8b08c7dfbd8880a0610d07060","0.469","Thu, 10 Dec 2020 18:11:06 GMT","","","","HTTP/1.1","https://seohacks.es/accesibilidad-web-seo-parte-1/"
"https://seohacks.es/https-gratis/","text/html; charset=UTF-8","200","OK","Indexable","","HTTPS Gratis para Wordpress en Menos de 5 Minutos [Paso a Paso]","63","619","¿Estás intentado poner un https en tu web y no sabes cómo? En este post encontrarás una guía para poder hacerlo gratis y sin complicaciones. ¡Entra Ya!","151","982","","0","¿Cómo montar un protocolo https gratis para WordPress?","54","HTTPS everywhere","16","Herramientas necesarias","23","","","","https://seohacks.es/https-gratis/","","","","","70654","1305","11.886","1","","91","25","92.590","76","21","22","16","","","","","e114d2628585dbd77c9fa63735b08eea","0.325","Fri, 11 Dec 2020 00:53:00 GMT","","","","HTTP/1.1","https://seohacks.es/https-gratis/"
"https://seohacks.es/wp-content/plugins/cookie-notice/js/front.min.js?ver=1.2.51","application/javascript","200","OK","Indexable","","","0","0","","0","0","","0","","0","","0","","0","","","","","","","","","2035","0","0.000","1","","0","0","0.000","0","0","0","0","","","","","","0.299","Thu, 02 Apr 2020 07:45:57 GMT","","","","HTTP/1.1","https://seohacks.es/wp-content/plugins/cookie-notice/js/front.min.js?ver=1.2.51"
"https://seohacks.es/author/nacho/","text/html; charset=UTF-8","301","Moved Permanently","Non-Indexable","Redirected","","0","0","","0","0","","0","","0","","0","","0","","","","","","","","","0","0","0.000","1","","85","22","81.480","0","0","0","0","","","","","","0.956","","https://seohacks.es/","HTTP Redirect","","HTTP/1.1","https://seohacks.es/author/nacho/"
"https://seohacks.es/wp-content/themes/sparkling/assets/js/skip-link-focus-fix.min.js?ver=20140222","application/javascript","200","OK","Indexable","","","0","0","","0","0","","0","","0","","0","","0","","","","","","","","","336","0","0.000","1","","0","0","0.000","0","0","0","0","","","","","","0.191","Thu, 14 Feb 2019 15:15:31 GMT","","","","HTTP/1.1","https://seohacks.es/wp-content/themes/sparkling/assets/js/skip-link-focus-fix.min.js?ver=20140222"
"https://seohacks.es/wp-content/themes/sparkling/assets/js/vendor/bootstrap.min.js?ver=5.0.11","application/javascript","200","OK","Indexable","","","0","0","","0","0","","0","","0","","0","","0","","","","","","","","","11529","0","0.000","1","","0","0","0.000","0","0","0","0","","","","","","0.348","Thu, 14 Feb 2019 15:15:31 GMT","","","","HTTP/1.1","https://seohacks.es/wp-content/themes/sparkling/assets/js/vendor/bootstrap.min.js?ver=5.0.11"
"https://seohacks.es/guia-seo/","text/html; charset=UTF-8","200","OK","Indexable","","Guía SEO - Posiciona CUALQUIER web en 2020 | SEO Hacks","54","557","La Guía SEO en español más completa para posicionar cualquier web en 2016. Domina a Google con esta épica guía.","111","752","","0","Guía SEO | Posiciona cualquier web en 2017","42","Conceptos básicos de la Guía SEO","32","Keyword Research Semántico","26","","","","https://seohacks.es/guia-seo/","","","","","75947","3555","27.902","1","","58","26","96.300","55","22","9","9","","","","","2783e13a239f99e73b9838481688827","0.438","Fri, 11 Dec 2020 10:01:32 GMT","","","","HTTP/1.1","https://seohacks.es/guia-seo/"
"https://seohacks.es/nacho-mascort/","text/html; charset=UTF-8","200","OK","Indexable","","Nacho Mascort | Consultor SEO","29","285","","0","0","","0","Nacho Mascort","13","Experiencia profesional","23","Docencia","8","","","","https://seohacks.es/nacho-mascort/","","","","","48579","955","13.477","1","","47","26","96.300","38","16","29","28","","","","","cd859057bfb8dadd283c6f62c4248dd9","0.332","Fri, 11 Dec 2020 00:53:05 GMT","","","","HTTP/1.1","https://seohacks.es/nacho-mascort/"
"https://seohacks.es/contenido-latent-semantic-index/","text/html; charset=UTF-8","200","OK","Indexable","","Mejorando tu estrategia de SEO en 2016 con LSI | SEO Hacks","58","559","","0","0","","0","Mejorando tu SEO On Page y tus anchor text con contenido LSI","60","Latent Semantic Indexing","24","Mejorando el SEO On Page con Onpage.org","39","","","","https://seohacks.es/contenido-latent-semantic-index/","","","","","69990","1772","15.417","1","","53","25","92.590","55","27","18","13","","","","","b17b9220a2a4aa912aacef1906aafd08","0.326","Thu, 10 Dec 2020 18:10:42 GMT","","","","HTTP/1.1","https://seohacks.es/contenido-latent-semantic-index/"
"https://seohacks.es/wp-content/uploads/2016/08/codigo-de-estado-http-304-750x410.png","image/png","200","OK","Indexable","","","0","0","","0","0","","0","","0","","0","","0","","","","","","","","","76034","0","0.000","1","","0","0","0.000","0","0","0","0","","","","","","0.383","Tue, 04 Oct 2016 09:52:43 GMT","","","","HTTP/1.1","https://seohacks.es/wp-content/uploads/2016/08/codigo-de-estado-http-304-750x410.png"
"https://seohacks.es/wp-content/uploads/2015/12/foro-SEO-1.jpg","image/jpeg","200","OK","Indexable","","","0","0","","0","0","","0","","0","","0","","0","","","","","","","","","112784","0","0.000","2","","1","1","3.700","0","0","0","0","","","","","","0.341","Tue, 04 Oct 2016 09:52:13 GMT","","","","HTTP/1.1","https://seohacks.es/wp-content/uploads/2015/12/foro-SEO-1.jpg"
"https://seohacks.es/wp-content/plugins/thrive-visual-editor/editor/css/thrive_flat.css?ver=2.5.0","text/css; charset=UTF-8","200","OK","Indexable","","","0","0","","0","0","","0","","0","","0","","0","","","","","","","","","77188","0","0.000","2","","0","0","0.000","0","0","0","0","","","","","","0.237","Thu, 02 Apr 2020 07:46:39 GMT","","","","HTTP/1.1","https://seohacks.es/wp-content/plugins/thrive-visual-editor/editor/css/thrive_flat.css?ver=2.5.0"
"https://seohacks.es/wp-content/uploads/2016/02/latent-semantic-index-1024x429.png","image/png","200","OK","Indexable","","","0","0","","0","0","","0","","0","","0","","0","","","","","","","","","157642","0","0.000","2","","0","0","0.000","0","0","0","0","","","","","","0.182","Tue, 04 Oct 2016 09:52:28 GMT","","","","HTTP/1.1","https://seohacks.es/wp-content/uploads/2016/02/latent-semantic-index-1024x429.png"
"https://seohacks.es/wp-content/uploads/2016/02/contenido-tematico.jpg","image/jpeg","200","OK","Indexable","","","0","0","","0","0","","0","","0","","0","","0","","","","","","","","","110527","0","0.000","2","","1","1","3.700","0","0","0","0","","","","","","0.198","Tue, 04 Oct 2016 09:52:26 GMT","","","","HTTP/1.1","https://seohacks.es/wp-content/uploads/2016/02/contenido-tematico.jpg"
"https://seohacks.es/wp-content/uploads/2016/02/lsi-seo-1-1024x218.jpg","image/jpeg","200","OK","Indexable","","","0","0","","0","0","","0","","0","","0","","0","","","","","","","","","28531","0","0.000","2","","0","0","0.000","0","0","0","0","","","","","","0.193","Tue, 04 Oct 2016 09:52:29 GMT","","","","HTTP/1.1","https://seohacks.es/wp-content/uploads/2016/02/lsi-seo-1-1024x218.jpg"
"https://seohacks.es/wp-content/uploads/2016/02/anchor-text-search-console.jpg","image/jpeg","200","OK","Indexable","","","0","0","","0","0","","0","","0","","0","","0","","","","","","","","","76151","0","0.000","2","","1","1","3.700","0","0","0","0","","","","","","0.213","Tue, 04 Oct 2016 09:52:26 GMT","","","","HTTP/1.1","https://seohacks.es/wp-content/uploads/2016/02/anchor-text-search-console.jpg"
"https://seohacks.es/wp-content/uploads/2016/02/contenido-tematico-1024x343.jpg","image/jpeg","200","OK","Indexable","","","0","0","","0","0","","0","","0","","0","","0","","","","","","","","","72986","0","0.000","2","","0","0","0.000","0","0","0","0","","","","","","0.216","Tue, 04 Oct 2016 09:52:26 GMT","","","","HTTP/1.1","https://seohacks.es/wp-content/uploads/2016/02/contenido-tematico-1024x343.jpg"
"https://seohacks.es/wp-content/uploads/2016/02/anchor-text-search-console-1024x773.jpg","image/jpeg","200","OK","Indexable","","","0","0","","0","0","","0","","0","","0","","0","","","","","","","","","97250","0","0.000","2","","0","0","0.000","0","0","0","0","","","","","","0.227","Tue, 04 Oct 2016 09:52:25 GMT","","","","HTTP/1.1","https://seohacks.es/wp-content/uploads/2016/02/anchor-text-search-console-1024x773.jpg"
"https://seohacks.es/wp-content/uploads/2016/02/search-console.jpg","image/jpeg","200","OK","Indexable","","","0","0","","0","0","","0","","0","","0","","0","","","","","","","","","35164","0","0.000","2","","1","1","3.700","0","0","0","0","","","","","","0.149","Tue, 04 Oct 2016 09:52:31 GMT","","","","HTTP/1.1","https://seohacks.es/wp-content/uploads/2016/02/search-console.jpg"
"https://seohacks.es/wp-content/uploads/2016/02/informe-texto-1024x143.jpg","image/jpeg","200","OK","Indexable","","","0","0","","0","0","","0","","0","","0","","0","","","","","","","","","29906","0","0.000","2","","0","0","0.000","0","0","0","0","","","","","","0.169","Tue, 04 Oct 2016 09:52:27 GMT","","","","HTTP/1.1","https://seohacks.es/wp-content/uploads/2016/02/informe-texto-1024x143.jpg"
"https://seohacks.es/wp-content/uploads/2016/02/analisis-de-busqueda-search-console.jpg","image/jpeg","200","OK","Indexable","","","0","0","","0","0","","0","","0","","0","","0","","","","","","","","","26071","0","0.000","2","","1","1","3.700","0","0","0","0","","","","","","0.201","Tue, 04 Oct 2016 09:52:25 GMT","","","","HTTP/1.1","https://seohacks.es/wp-content/uploads/2016/02/analisis-de-busqueda-search-console.jpg"
"https://seohacks.es/wp-content/uploads/2016/02/latent-semantic-index.png","image/png","200","OK","Indexable","","","0","0","","0","0","","0","","0","","0","","0","","","","","","","","","38727","0","0.000","2","","1","1","3.700","0","0","0","0","","","","","","0.169","Tue, 04 Oct 2016 09:52:28 GMT","","","","HTTP/1.1","https://seohacks.es/wp-content/uploads/2016/02/latent-semantic-index.png"
"https://seohacks.es/wp-content/uploads/2016/02/lsi-seo-1024x330.jpg","image/jpeg","200","OK","Indexable","","","0","0","","0","0","","0","","0","","0","","0","","","","","","","","","62785","0","0.000","2","","0","0","0.000","0","0","0","0","","","","","","0.207","Tue, 04 Oct 2016 09:52:29 GMT","","","","HTTP/1.1","https://seohacks.es/wp-content/uploads/2016/02/lsi-seo-1024x330.jpg"
"https://seohacks.es/wp-content/uploads/2016/02/lsi-seo-1.jpg","image/jpeg","200","OK","Indexable","","","0","0","","0","0","","0","","0","","0","","0","","","","","","","","","36629","0","0.000","2","","1","1","3.700","0","0","0","0","","","","","","0.211","Tue, 04 Oct 2016 09:52:29 GMT","","","","HTTP/1.1","https://seohacks.es/wp-content/uploads/2016/02/lsi-seo-1.jpg"
"https://seohacks.es/wp-content/uploads/2016/02/lsi-seo.jpg","image/jpeg","200","OK","Indexable","","","0","0","","0","0","","0","","0","","0","","0","","","","","","","","","110792","0","0.000","2","","1","1","3.700","0","0","0","0","","","","","","0.209","Tue, 04 Oct 2016 09:52:30 GMT","","","","HTTP/1.1","https://seohacks.es/wp-content/uploads/2016/02/lsi-seo.jpg"
"https://seohacks.es/wp-content/uploads/2016/02/anchor-text-2016.jpg","image/jpeg","200","OK","Indexable","","","0","0","","0","0","","0","","0","","0","","0","","","","","","","","","27765","0","0.000","2","","1","1","3.700","0","0","0","0","","","","","","0.253","Tue, 04 Oct 2016 09:52:25 GMT","","","","HTTP/1.1","https://seohacks.es/wp-content/uploads/2016/02/anchor-text-2016.jpg"
"https://seohacks.es/wp-content/uploads/2016/02/informe-texto.jpg","image/jpeg","200","OK","Indexable","","","0","0","","0","0","","0","","0","","0","","0","","","","","","","","","58582","0","0.000","2","","1","1","3.700","0","0","0","0","","","","","","0.169","Tue, 04 Oct 2016 09:52:27 GMT","","","","HTTP/1.1","https://seohacks.es/wp-content/uploads/2016/02/informe-texto.jpg"
"https://seohacks.es/wp-content/uploads/2016/02/Keywords-LSI-1024x295.jpg","image/jpeg","200","OK","Indexable","","","0","0","","0","0","","0","","0","","0","","0","","","","","","","","","59047","0","0.000","2","","0","0","0.000","0","0","0","0","","","","","","0.215","Tue, 04 Oct 2016 09:52:27 GMT","","","","HTTP/1.1","https://seohacks.es/wp-content/uploads/2016/02/Keywords-LSI-1024x295.jpg"
"https://seohacks.es/wp-content/uploads/2016/02/Keywords-LSI.jpg","image/jpeg","200","OK","Indexable","","","0","0","","0","0","","0","","0","","0","","0","","","","","","","","","98910","0","0.000","2","","1","1","3.700","0","0","0","0","","","","","","0.181","Tue, 04 Oct 2016 09:52:28 GMT","","","","HTTP/1.1","https://seohacks.es/wp-content/uploads/2016/02/Keywords-LSI.jpg"
"https://seohacks.es/wp-content/plugins/thrive-visual-editor/editor/js/dist/frontend.min.js?ver=2.5.0","application/javascript","200","OK","Indexable","","","0","0","","0","0","","0","","0","","0","","0","","","","","","","","","44676","0","0.000","2","","0","0","0.000","0","0","0","0","","","","","","0.200","Thu, 02 Apr 2020 07:46:40 GMT","","","","HTTP/1.1","https://seohacks.es/wp-content/plugins/thrive-visual-editor/editor/js/dist/frontend.min.js?ver=2.5.0"
"https://seohacks.es/wp-includes/js/jquery/jquery.masonry.min.js?ver=3.1.2b","application/javascript","200","OK","Indexable","","","0","0","","0","0","","0","","0","","0","","0","","","","","","","","","742","0","0.000","2","","0","0","0.000","0","0","0","0","","","","","","0.241","Tue, 04 Oct 2016 10:06:10 GMT","","","","HTTP/1.1","https://seohacks.es/wp-includes/js/jquery/jquery.masonry.min.js?ver=3.1.2b"
"https://seohacks.es/wp-includes/js/imagesloaded.min.js?ver=3.2.0","application/javascript","200","OK","Indexable","","","0","0","","0","0","","0","","0","","0","","0","","","","","","","","","2725","0","0.000","2","","0","0","0.000","0","0","0","0","","","","","","0.156","Tue, 04 Oct 2016 10:05:53 GMT","","","","HTTP/1.1","https://seohacks.es/wp-includes/js/imagesloaded.min.js?ver=3.2.0"
"https://seohacks.es/wp-content/plugins/js_composer/assets/css/js_composer.css?ver=4.7.4","text/css; charset=UTF-8","200","OK","Indexable","","","0","0","","0","0","","0","","0","","0","","0","","","","","","","","","83964","0","0.000","2","","0","0","0.000","0","0","0","0","","","","","","0.075","Tue, 04 Oct 2016 09:53:25 GMT","","","","HTTP/1.1","https://seohacks.es/wp-content/plugins/js_composer/assets/css/js_composer.css?ver=4.7.4"
"https://seohacks.es/wp-content/uploads/2015/12/Guia-SEO-Google-Sandbox-1024x144.png","image/png","200","OK","Indexable","","","0","0","","0","0","","0","","0","","0","","0","","","","","","","","","25001","0","0.000","2","","0","0","0.000","0","0","0","0","","","","","","0.146","Tue, 04 Oct 2016 09:52:15 GMT","","","","HTTP/1.1","https://seohacks.es/wp-content/uploads/2015/12/Guia-SEO-Google-Sandbox-1024x144.png"
"https://seohacks.es/wp-includes/js/masonry.min.js?ver=3.3.2","application/javascript","200","OK","Indexable","","","0","0","","0","0","","0","","0","","0","","0","","","","","","","","","9742","0","0.000","2","","0","0","0.000","0","0","0","0","","","","","","0.181","Tue, 04 Oct 2016 10:05:53 GMT","","","","HTTP/1.1","https://seohacks.es/wp-includes/js/masonry.min.js?ver=3.3.2"
"https://seohacks.es/wp-content/uploads/2015/12/Guia-SEO-cronologia-Google-1024x643.png","image/png","200","OK","Indexable","","","0","0","","0","0","","0","","0","","0","","0","","","","","","","","","164016","0","0.000","2","","0","0","0.000","0","0","0","0","","","","","","0.216","Tue, 04 Oct 2016 09:52:14 GMT","","","","HTTP/1.1","https://seohacks.es/wp-content/uploads/2015/12/Guia-SEO-cronologia-Google-1024x643.png"
"https://seohacks.es/wp-content/uploads/2015/12/Guia-SEO-Google-Sandbox.png","image/png","200","OK","Indexable","","","0","0","","0","0","","0","","0","","0","","0","","","","","","","","","23395","0","0.000","2","","1","1","3.700","0","0","0","0","","","","","","0.214","Tue, 04 Oct 2016 09:52:15 GMT","","","","HTTP/1.1","https://seohacks.es/wp-content/uploads/2015/12/Guia-SEO-Google-Sandbox.png"
"https://seohacks.es/wp-content/uploads/2015/12/Guía-SEO-mapa-conceptual-de-internet.png","image/png","200","OK","Indexable","","","0","0","","0","0","","0","","0","","0","","0","","","","","","","","","158849","0","0.000","2","","1","1","3.700","0","0","0","0","","","","","","0.237","Tue, 04 Oct 2016 09:52:18 GMT","","","","HTTP/1.1","https://seohacks.es/wp-content/uploads/2015/12/Gu%C3%ADa-SEO-mapa-conceptual-de-internet.png"
"https://seohacks.es/wp-content/uploads/2015/12/tf-idf-SEO-1024x497.jpg","image/jpeg","200","OK","Indexable","","","0","0","","0","0","","0","","0","","0","","0","","","","","","","","","82586","0","0.000","2","","0","0","0.000","0","0","0","0","","","","","","0.225","Tue, 04 Oct 2016 09:52:19 GMT","","","","HTTP/1.1","https://seohacks.es/wp-content/uploads/2015/12/tf-idf-SEO-1024x497.jpg"
"https://seohacks.es/wp-content/uploads/2015/11/Google-instant-seo.jpg","image/jpeg","200","OK","Indexable","","","0","0","","0","0","","0","","0","","0","","0","","","","","","","","","20555","0","0.000","2","","0","0","0.000","0","0","0","0","","","","","","0.213","Tue, 04 Oct 2016 09:52:10 GMT","","","","HTTP/1.1","https://seohacks.es/wp-content/uploads/2015/11/Google-instant-seo.jpg"
"https://seohacks.es/wp-content/uploads/2015/11/ubbersuggest-seo.jpg","image/jpeg","200","OK","Indexable","","","0","0","","0","0","","0","","0","","0","","0","","","","","","","","","24353","0","0.000","2","","1","1","3.700","0","0","0","0","","","","","","0.193","Tue, 04 Oct 2016 09:52:11 GMT","","","","HTTP/1.1","https://seohacks.es/wp-content/uploads/2015/11/ubbersuggest-seo.jpg"
"https://seohacks.es/wp-includes/js/jquery/ui/effect.min.js?ver=1.11.4","application/javascript","200","OK","Indexable","","","0","0","","0","0","","0","","0","","0","","0","","","","","","","","","5577","0","0.000","2","","0","0","0.000","0","0","0","0","","","","","","0.140","Tue, 04 Oct 2016 10:06:19 GMT","","","","HTTP/1.1","https://seohacks.es/wp-includes/js/jquery/ui/effect.min.js?ver=1.11.4"
"https://seohacks.es/wp-content/uploads/2015/12/Search-console-SEO.jpg","image/jpeg","200","OK","Indexable","","","0","0","","0","0","","0","","0","","0","","0","","","","","","","","","22354","0","0.000","2","","1","1","3.700","0","0","0","0","","","","","","0.190","Tue, 04 Oct 2016 09:52:19 GMT","","","","HTTP/1.1","https://seohacks.es/wp-content/uploads/2015/12/Search-console-SEO.jpg"
"https://seohacks.es/wp-content/uploads/2015/11/búsquedas-relacionadas-SEO.jpg","image/jpeg","200","OK","Indexable","","","0","0","","0","0","","0","","0","","0","","0","","","","","","","","","14348","0","0.000","2","","1","1","3.700","0","0","0","0","","","","","","0.213","Tue, 04 Oct 2016 09:52:09 GMT","","","","HTTP/1.1","https://seohacks.es/wp-content/uploads/2015/11/b%C3%BAsquedas-relacionadas-SEO.jpg"
"https://seohacks.es/wp-content/plugins/social-locker/bizpanda/assets/css/lockers.020400.min.css?ver=5.0.11","text/css; charset=UTF-8","200","OK","Indexable","","","0","0","","0","0","","0","","0","","0","","0","","","","","","","","","16547","0","0.000","2","","0","0","0.000","0","0","0","0","","","","","","0.204","Thu, 02 Apr 2020 07:46:11 GMT","","","","HTTP/1.1","https://seohacks.es/wp-content/plugins/social-locker/bizpanda/assets/css/lockers.020400.min.css?ver=5.0.11"
"https://seohacks.es/wp-content/uploads/2015/12/TF-IDF-textrank-SEO.jpg","image/jpeg","200","OK","Indexable","","","0","0","","0","0","","0","","0","","0","","0","","","","","","","","","84366","0","0.000","2","","1","1","3.700","0","0","0","0","","","","","","0.220","Tue, 04 Oct 2016 09:52:20 GMT","","","","HTTP/1.1","https://seohacks.es/wp-content/uploads/2015/12/TF-IDF-textrank-SEO.jpg"
"https://seohacks.es/wp-content/plugins/social-locker/bizpanda/assets/js/lockers.020400.min.js?ver=5.0.11","application/javascript","200","OK","Indexable","","","0","0","","0","0","","0","","0","","0","","0","","","","","","","","","46930","0","0.000","2","","0","0","0.000","0","0","0","0","","","","","","0.171","Thu, 02 Apr 2020 07:46:11 GMT","","","","HTTP/1.1","https://seohacks.es/wp-content/plugins/social-locker/bizpanda/assets/js/lockers.020400.min.js?ver=5.0.11"
"https://seohacks.es/wp-includes/js/jquery/ui/effect-highlight.min.js?ver=1.11.4","application/javascript","200","OK","Indexable","","","0","0","","0","0","","0","","0","","0","","0","","","","","","","","","458","0","0.000","2","","0","0","0.000","0","0","0","0","","","","","","0.199","Tue, 04 Oct 2016 10:06:19 GMT","","","","HTTP/1.1","https://seohacks.es/wp-includes/js/jquery/ui/effect-highlight.min.js?ver=1.11.4"
"https://seohacks.es/wp-content/uploads/2015/12/Guía-SEO-mapa-conceptual-de-internet-1024x517.png","image/png","200","OK","Indexable","","","0","0","","0","0","","0","","0","","0","","0","","","","","","","","","364445","0","0.000","2","","0","0","0.000","0","0","0","0","","","","","","0.170","Tue, 04 Oct 2016 09:52:17 GMT","","","","HTTP/1.1","https://seohacks.es/wp-content/uploads/2015/12/Gu%C3%ADa-SEO-mapa-conceptual-de-internet-1024x517.png"
"https://seohacks.es/wp-content/uploads/2015/12/tf-idf-SEO.jpg","image/jpeg","200","OK","Indexable","","","0","0","","0","0","","0","","0","","0","","0","","","","","","","","","117293","0","0.000","2","","1","1","3.700","0","0","0","0","","","","","","0.280","Tue, 04 Oct 2016 09:52:20 GMT","","","","HTTP/1.1","https://seohacks.es/wp-content/uploads/2015/12/tf-idf-SEO.jpg"
"https://seohacks.es/wp-content/uploads/2015/12/TF-IDF-textrank-SEO-1024x354.jpg","image/jpeg","200","OK","Indexable","","","0","0","","0","0","","0","","0","","0","","0","","","","","","","","","74273","0","0.000","2","","0","0","0.000","0","0","0","0","","","","","","0.170","Tue, 04 Oct 2016 09:52:20 GMT","","","","HTTP/1.1","https://seohacks.es/wp-content/uploads/2015/12/TF-IDF-textrank-SEO-1024x354.jpg"
"https://seohacks.es/wp-content/uploads/2015/12/Infografía-200-factores-de-posicionamiento-de-Google-1.jpeg","image/jpeg","200","OK","Indexable","","","0","0","","0","0","","0","","0","","0","","0","","","","","","","","","664708","0","0.000","2","","2","2","7.410","0","0","0","0","","","","","","0.199","Tue, 04 Oct 2016 09:52:19 GMT","","","","HTTP/1.1","https://seohacks.es/wp-content/uploads/2015/12/Infograf%C3%ADa-200-factores-de-posicionamiento-de-Google-1.jpeg"
"https://seohacks.es/wp-content/uploads/2015/12/Guia-SEO-infografia-7-mitos-seo-ceo.jpg","image/jpeg","200","OK","Indexable","","","0","0","","0","0","","0","","0","","0","","0","","","","","","","","","832718","0","0.000","2","","1","1","3.700","0","0","0","0","","","","","","0.194","Tue, 04 Oct 2016 09:52:18 GMT","","","","HTTP/1.1","https://seohacks.es/wp-content/uploads/2015/12/Guia-SEO-infografia-7-mitos-seo-ceo.jpg"
"https://seohacks.es/wp-content/uploads/2015/11/planificador-de-palabras-clave.jpg","image/jpeg","200","OK","Indexable","","","0","0","","0","0","","0","","0","","0","","0","","","","","","","","","39215","0","0.000","2","","1","1","3.700","0","0","0","0","","","","","","0.235","Tue, 04 Oct 2016 09:52:10 GMT","","","","HTTP/1.1","https://seohacks.es/wp-content/uploads/2015/11/planificador-de-palabras-clave.jpg"
"https://seohacks.es/wp-content/uploads/2015/12/Guia-SEO-algoritmos-de-Google-1024x272.png","image/png","200","OK","Indexable","","","0","0","","0","0","","0","","0","","0","","0","","","","","","","","","88914","0","0.000","2","","0","0","0.000","0","0","0","0","","","","","","0.251","Tue, 04 Oct 2016 09:52:14 GMT","","","","HTTP/1.1","https://seohacks.es/wp-content/uploads/2015/12/Guia-SEO-algoritmos-de-Google-1024x272.png"
"https://seohacks.es/blog/page/2/","text/html; charset=UTF-8","200","OK","Indexable","","Artículos de SEO Hacks por Nacho Mascort","40","391","Los últimos artículos del blog SEO Hacks por Nacho Mascort. Descubre las últimas novedades del blog entrando ahora!","115","759","","0","Categoría: Artículos de SEO","27","Piel de cordero: Analizando la técnica Black Hat","48","Nueva tendencia SEO 2016: credibilidad vs autoridad","51","","","","https://seohacks.es/blog/page/2/","","https://seohacks.es/blog/","","","48709","1090","13.816","2","","4","2","7.410","58","24","12","12","","","","","fd600a594fb9d1eb030668b4dcc6cf92","0.195","Fri, 11 Dec 2020 10:01:27 GMT","","","","HTTP/1.1","https://seohacks.es/blog/page/2/"
"https://seohacks.es/wp-content/plugins/fancier-author-box/images/googleplus.png","image/png","200","OK","Indexable","","","0","0","","0","0","","0","","0","","0","","0","","","","","","","","","1797","0","0.000","2","","0","0","0.000","0","0","0","0","","","","","","0.104","Tue, 04 Oct 2016 09:50:35 GMT","","","","HTTP/1.1","https://seohacks.es/wp-content/plugins/fancier-author-box/images/googleplus.png"
"https://seohacks.es/wp-content/plugins/fancier-author-box/images/linkedin.png","image/png","200","OK","Indexable","","","0","0","","0","0","","0","","0","","0","","0","","","","","","","","","1920","0","0.000","2","","0","0","0.000","0","0","0","0","","","","","","0.089","Tue, 04 Oct 2016 09:50:35 GMT","","","","HTTP/1.1","https://seohacks.es/wp-content/plugins/fancier-author-box/images/linkedin.png"
"https://seohacks.es/wp-content/plugins/fancier-author-box/images/twitter.png","image/png","200","OK","Indexable","","","0","0","","0","0","","0","","0","","0","","0","","","","","","","","","1835","0","0.000","2","","0","0","0.000","0","0","0","0","","","","","","0.133","Tue, 04 Oct 2016 09:50:35 GMT","","","","HTTP/1.1","https://seohacks.es/wp-content/plugins/fancier-author-box/images/twitter.png"
"https://seohacks.es/wp-content/plugins/wp-old-post-date-remover/css/OPDRstyle.css?ver=1.1","text/css; charset=UTF-8","200","OK","Indexable","","","0","0","","0","0","","0","","0","","0","","0","","","","","","","","","369","0","0.000","2","","0","0","0.000","0","0","0","0","","","","","","0.151","Thu, 02 Apr 2020 07:46:52 GMT","","","","HTTP/1.1","https://seohacks.es/wp-content/plugins/wp-old-post-date-remover/css/OPDRstyle.css?ver=1.1"
"https://seohacks.es/wp-includes/js/comment-reply.min.js?ver=5.0.11","application/javascript","200","OK","Indexable","","","0","0","","0","0","","0","","0","","0","","0","","","","","","","","","600","0","0.000","2","","0","0","0.000","0","0","0","0","","","","","","0.081","Tue, 04 Oct 2016 10:05:52 GMT","","","","HTTP/1.1","https://seohacks.es/wp-includes/js/comment-reply.min.js?ver=5.0.11"
"https://seohacks.es/wp-content/plugins/akismet/_inc/form.js?ver=4.1.4","application/javascript","200","OK","Indexable","","","0","0","","0","0","","0","","0","","0","","0","","","","","","","","","324","0","0.000","2","","0","0","0.000","0","0","0","0","","","","","","0.080","Thu, 02 Apr 2020 07:45:30 GMT","","","","HTTP/1.1","https://seohacks.es/wp-content/plugins/akismet/_inc/form.js?ver=4.1.4"
"https://seohacks.es/wp-content/uploads/2017/03/Nacho-Mascort_avatar_1489503489-80x80.jpg","image/jpeg","200","OK","Indexable","","","0","0","","0","0","","0","","0","","0","","0","","","","","","","","","2060","0","0.000","2","","0","0","0.000","0","0","0","0","","","","","","0.117","Tue, 14 Mar 2017 14:58:19 GMT","","","","HTTP/1.1","https://seohacks.es/wp-content/uploads/2017/03/Nacho-Mascort_avatar_1489503489-80x80.jpg"
"https://seohacks.es/wp-content/uploads/2015/12/Guia-SEO-cronologia-Google.png","image/png","200","OK","Indexable","","","0","0","","0","0","","0","","0","","0","","0","","","","","","","","","200970","0","0.000","2","","1","1","3.700","0","0","0","0","","","","","","1.225","Tue, 04 Oct 2016 09:52:16 GMT","","","","HTTP/1.1","https://seohacks.es/wp-content/uploads/2015/12/Guia-SEO-cronologia-Google.png"
"https://seohacks.es/wp-content/uploads/2017/03/Nacho-Mascort_avatar_1489503489-60x60.jpg","image/jpeg","200","OK","Indexable","","","0","0","","0","0","","0","","0","","0","","0","","","","","","","","","1659","0","0.000","2","","0","0","0.000","0","0","0","0","","","","","","0.116","Tue, 14 Mar 2017 14:58:19 GMT","","","","HTTP/1.1","https://seohacks.es/wp-content/uploads/2017/03/Nacho-Mascort_avatar_1489503489-60x60.jpg"
"http://www.seohacks.es/ir/semrush","","301","Moved Permanently","Non-Indexable","Redirected","","0","0","","0","0","","0","","0","","0","","0","","","","","","","","","0","0","0.000","2","","2","1","3.700","0","0","0","0","","","","","","0.044","","https://www.seohacks.es/ir/semrush","HTTP Redirect","","HTTP/1.1","http://www.seohacks.es/ir/semrush"
"https://seohacks.es/wp-content/uploads/2016/05/ataque-ddos-1.jpg","image/jpeg","200","OK","Indexable","","","0","0","","0","0","","0","","0","","0","","0","","","","","","","","","39113","0","0.000","2","","1","1","3.700","0","0","0","0","","","","","","0.216","Tue, 04 Oct 2016 09:52:40 GMT","","","","HTTP/1.1","https://seohacks.es/wp-content/uploads/2016/05/ataque-ddos-1.jpg"
"https://seohacks.es/wp-content/uploads/2016/05/bloquear-ips.jpg","image/jpeg","200","OK","Indexable","","","0","0","","0","0","","0","","0","","0","","0","","","","","","","","","15781","0","0.000","2","","1","1","3.700","0","0","0","0","","","","","","0.181","Tue, 04 Oct 2016 09:52:40 GMT","","","","HTTP/1.1","https://seohacks.es/wp-content/uploads/2016/05/bloquear-ips.jpg"
"https://seohacks.es/wp-content/uploads/2016/05/shell.jpg","image/jpeg","200","OK","Indexable","","","0","0","","0","0","","0","","0","","0","","0","","","","","","","","","25202","0","0.000","2","","1","1","3.700","0","0","0","0","","","","","","0.182","Tue, 04 Oct 2016 09:52:42 GMT","","","","HTTP/1.1","https://seohacks.es/wp-content/uploads/2016/05/shell.jpg"
"https://seohacks.es/wp-content/uploads/2016/05/ataque-ddos.jpg","image/jpeg","200","OK","Indexable","","","0","0","","0","0","","0","","0","","0","","0","","","","","","","","","19904","0","0.000","2","","1","1","3.700","0","0","0","0","","","","","","0.145","Tue, 04 Oct 2016 09:52:40 GMT","","","","HTTP/1.1","https://seohacks.es/wp-content/uploads/2016/05/ataque-ddos.jpg"
"https://seohacks.es/wp-content/uploads/2016/05/cloudfare.jpg","image/jpeg","200","OK","Indexable","","","0","0","","0","0","","0","","0","","0","","0","","","","","","","","","21821","0","0.000","2","","1","1","3.700","0","0","0","0","","","","","","0.195","Tue, 04 Oct 2016 09:52:41 GMT","","","","HTTP/1.1","https://seohacks.es/wp-content/uploads/2016/05/cloudfare.jpg"
"https://seohacks.es/wp-content/uploads/2016/05/Unix.jpg","image/jpeg","200","OK","Indexable","","","0","0","","0","0","","0","","0","","0","","0","","","","","","","","","50460","0","0.000","2","","1","1","3.700","0","0","0","0","","","","","","0.170","Tue, 04 Oct 2016 09:52:42 GMT","","","","HTTP/1.1","https://seohacks.es/wp-content/uploads/2016/05/Unix.jpg"
"https://seohacks.es/wp-content/uploads/2016/05/bloquear-ddos.jpg","image/jpeg","200","OK","Indexable","","","0","0","","0","0","","0","","0","","0","","0","","","","","","","","","25499","0","0.000","2","","1","1","3.700","0","0","0","0","","","","","","0.193","Tue, 04 Oct 2016 09:52:40 GMT","","","","HTTP/1.1","https://seohacks.es/wp-content/uploads/2016/05/bloquear-ddos.jpg"
"https://seohacks.es/wp-content/uploads/2016/05/firewall-ip.jpg","image/jpeg","200","OK","Indexable","","","0","0","","0","0","","0","","0","","0","","0","","","","","","","","","13144","0","0.000","2","","1","1","3.700","0","0","0","0","","","","","","0.150","Tue, 04 Oct 2016 09:52:41 GMT","","","","HTTP/1.1","https://seohacks.es/wp-content/uploads/2016/05/firewall-ip.jpg"
"https://seohacks.es/wp-content/uploads/2016/05/ssh.jpg","image/jpeg","200","OK","Indexable","","","0","0","","0","0","","0","","0","","0","","0","","","","","","","","","31974","0","0.000","2","","1","1","3.700","0","0","0","0","","","","","","0.172","Tue, 04 Oct 2016 09:52:42 GMT","","","","HTTP/1.1","https://seohacks.es/wp-content/uploads/2016/05/ssh.jpg"
"https://seohacks.es/wp-content/uploads/2016/05/CDN.jpg","image/jpeg","200","OK","Indexable","","","0","0","","0","0","","0","","0","","0","","0","","","","","","","","","20417","0","0.000","2","","1","1","3.700","0","0","0","0","","","","","","0.164","Tue, 04 Oct 2016 09:52:41 GMT","","","","HTTP/1.1","https://seohacks.es/wp-content/uploads/2016/05/CDN.jpg"
"https://seohacks.es/cdn-cgi/scripts/5c5dd728/cloudflare-static/email-decode.min.js","application/javascript","200","OK","Indexable","","","0","0","","0","0","","0","","0","","0","","0","","","","","","","","","0","0","0.000","2","","0","0","0.000","0","0","0","0","","","","","","0.059","Thu, 10 Dec 2020 17:14:28 GMT","","","","HTTP/1.1","https://seohacks.es/cdn-cgi/scripts/5c5dd728/cloudflare-static/email-decode.min.js"
"https://seohacks.es/cdn-cgi/l/email-protection","text/html; charset=UTF-8","200","OK","Non-Indexable","noindex","Email Protection | Cloudflare","29","252","","0","0","","0","Email Protection","16","You are unable to access this email address seohacks.es","55","","0","noindex, nofollow","","","","","","","","4232","113","15.690","2","","2","2","7.410","0","0","4","4","","","","","feed63f7ef17c6b17d0feaffe7245e7b","0.093","","","","","HTTP/1.1","https://seohacks.es/cdn-cgi/l/email-protection"
"https://seohacks.es/wp-content/uploads/2016/08/crawl-budget-optimizacion.png","image/png","200","OK","Indexable","","","0","0","","0","0","","0","","0","","0","","0","","","","","","","","","6251","0","0.000","2","","1","1","3.700","0","0","0","0","","","","","","0.139","Tue, 04 Oct 2016 09:52:43 GMT","","","","HTTP/1.1","https://seohacks.es/wp-content/uploads/2016/08/crawl-budget-optimizacion.png"
"https://seohacks.es/wp-content/uploads/2015/10/extensiones-SEO.jpg","image/jpeg","200","OK","Indexable","","","0","0","","0","0","","0","","0","","0","","0","","","","","","","","","22558","0","0.000","2","","1","1","3.700","0","0","0","0","","","","","","0.154","Tue, 04 Oct 2016 09:52:05 GMT","","","","HTTP/1.1","https://seohacks.es/wp-content/uploads/2015/10/extensiones-SEO.jpg"
"https://seohacks.es/wp-content/uploads/2015/10/estructura-web.jpg","image/jpeg","200","OK","Indexable","","","0","0","","0","0","","0","","0","","0","","0","","","","","","","","","84762","0","0.000","2","","1","1","3.700","0","0","0","0","","","","","","0.176","Tue, 04 Oct 2016 09:52:05 GMT","","","","HTTP/1.1","https://seohacks.es/wp-content/uploads/2015/10/estructura-web.jpg"
"https://seohacks.es/ir/one","text/html; charset=UTF-8","307","Temporary Redirect","Non-Indexable","Redirected","","0","0","","0","0","","0","","0","","0","","0","","","","","","","","","0","0","0.000","2","","2","1","3.700","0","0","0","0","","","","","","0.401","","http://one.me/esaiklat","HTTP Redirect","","HTTP/1.1","https://seohacks.es/ir/one"
"https://seohacks.es/wp-content/uploads/2015/10/estructura-web-e1445811225547.jpg","image/jpeg","200","OK","Indexable","","","0","0","","0","0","","0","","0","","0","","0","","","","","","","","","89929","0","0.000","2","","0","0","0.000","0","0","0","0","","","","","","0.232","Tue, 04 Oct 2016 09:52:05 GMT","","","","HTTP/1.1","https://seohacks.es/wp-content/uploads/2015/10/estructura-web-e1445811225547.jpg"
"https://seohacks.es/wp-content/uploads/2015/10/Crear-blog-Wordpress-750x374.png","image/png","200","OK","Indexable","","","0","0","","0","0","","0","","0","","0","","0","","","","","","","","","73476","0","0.000","2","","0","0","0.000","0","0","0","0","","","","","","0.183","Tue, 04 Oct 2016 09:52:04 GMT","","","","HTTP/1.1","https://seohacks.es/wp-content/uploads/2015/10/Crear-blog-Wordpress-750x374.png"
"https://seohacks.es/que-es-thin-content/","text/html; charset=UTF-8","200","OK","Indexable","","¿Que considera Google “Thin Content” en realidad?","49","461","","0","0","","0","¿Qué considera Google que es el “Thin Content” en realidad?","59","Thin Content","12","Tipos de Thin Content","21","","","","https://seohacks.es/que-es-thin-content/","","","","","60764","1747","17.505","2","","34","6","22.220","51","20","19","15","","","","","e8350e258629d246d6cbcc0182c88638","0.152","Thu, 10 Dec 2020 19:49:30 GMT","","","","HTTP/1.1","https://seohacks.es/que-es-thin-content/"
"https://seohacks.es/wp-content/uploads/2015/10/administrador-analytics.jpg","image/jpeg","200","OK","Indexable","","","0","0","","0","0","","0","","0","","0","","0","","","","","","","","","11433","0","0.000","2","","1","1","3.700","0","0","0","0","","","","","","0.143","Tue, 04 Oct 2016 09:52:04 GMT","","","","HTTP/1.1","https://seohacks.es/wp-content/uploads/2015/10/administrador-analytics.jpg"
"https://seohacks.es/wp-content/uploads/2015/10/sumome-integracion.jpg","image/jpeg","200","OK","Indexable","","","0","0","","0","0","","0","","0","","0","","0","","","","","","","","","25487","0","0.000","2","","1","1","3.700","0","0","0","0","","","","","","0.308","Tue, 04 Oct 2016 09:52:08 GMT","","","","HTTP/1.1","https://seohacks.es/wp-content/uploads/2015/10/sumome-integracion.jpg"
"https://seohacks.es/wp-content/uploads/2015/10/seguimiento-web-en-analytics.jpg","image/jpeg","200","OK","Indexable","","","0","0","","0","0","","0","","0","","0","","0","","","","","","","","","65259","0","0.000","2","","1","1","3.700","0","0","0","0","","","","","","0.168","Tue, 04 Oct 2016 09:52:08 GMT","","","","HTTP/1.1","https://seohacks.es/wp-content/uploads/2015/10/seguimiento-web-en-analytics.jpg"
"https://seohacks.es/evolucion-blog/","text/html; charset=UTF-8","200","OK","Indexable","","Evolución del blog Archivos | SEO Hacks por Nacho Mascort","57","538","","0","0","","0","Categoría: Evolución del blog","29","#1 Creando mi blog SEO en WordPress","35","","0","","","","https://seohacks.es/evolucion-blog/","","","","","33269","275","5.486","2","","6","3","11.110","28","19","7","7","","","","","7d4a47341c4bbd657c72d50c9b81803f","0.180","Fri, 11 Dec 2020 00:53:07 GMT","","","","HTTP/1.1","https://seohacks.es/evolucion-blog/"
"https://seohacks.es/wp-content/uploads/2015/10/optimizar-search-console.jpg","image/jpeg","200","OK","Indexable","","","0","0","","0","0","","0","","0","","0","","0","","","","","","","","","87697","0","0.000","2","","1","1","3.700","0","0","0","0","","","","","","0.215","Tue, 04 Oct 2016 09:52:07 GMT","","","","HTTP/1.1","https://seohacks.es/wp-content/uploads/2015/10/optimizar-search-console.jpg"
"https://seohacks.es/wp-content/uploads/2015/10/Configurando-Google-Analytics.jpg","image/jpeg","200","OK","Indexable","","","0","0","","0","0","","0","","0","","0","","0","","","","","","","","","46915","0","0.000","2","","1","1","3.700","0","0","0","0","","","","","","0.205","Tue, 04 Oct 2016 09:52:04 GMT","","","","HTTP/1.1","https://seohacks.es/wp-content/uploads/2015/10/Configurando-Google-Analytics.jpg"
"https://seohacks.es/wp-content/uploads/2015/10/one.com-hosting-barato.jpg","image/jpeg","200","OK","Indexable","","","0","0","","0","0","","0","","0","","0","","0","","","","","","","","","101481","0","0.000","2","","1","1","3.700","0","0","0","0","","","","","","0.206","Tue, 04 Oct 2016 09:52:07 GMT","","","","HTTP/1.1","https://seohacks.es/wp-content/uploads/2015/10/one.com-hosting-barato.jpg"
"https://seohacks.es/wp-content/uploads/2015/12/Guia-SEO-infografia-7-mitos-seo-ceo-e1450711212161.jpg","image/jpeg","200","OK","Indexable","","","0","0","","0","0","","0","","0","","0","","0","","","","","","","","","329963","0","0.000","2","","0","0","0.000","0","0","0","0","","","","","","0.262","Tue, 04 Oct 2016 09:52:17 GMT","","","","HTTP/1.1","https://seohacks.es/wp-content/uploads/2015/12/Guia-SEO-infografia-7-mitos-seo-ceo-e1450711212161.jpg"
"https://seohacks.es/wp-content/uploads/2015/12/Guia-SEO-algoritmos-de-Google.png","image/png","200","OK","Indexable","","","0","0","","0","0","","0","","0","","0","","0","","","","","","","","","377572","0","0.000","2","","1","1","3.700","0","0","0","0","","","","","","0.200","Tue, 04 Oct 2016 09:52:15 GMT","","","","HTTP/1.1","https://seohacks.es/wp-content/uploads/2015/12/Guia-SEO-algoritmos-de-Google.png"
"https://seohacks.es/wp-content/uploads/2015/12/Los-buscadores-más-usados.png","image/png","200","OK","Indexable","","","0","0","","0","0","","0","","0","","0","","0","","","","","","","","","105674","0","0.000","2","","1","1","3.700","0","0","0","0","","","","","","0.205","Tue, 04 Oct 2016 09:52:19 GMT","","","","HTTP/1.1","https://seohacks.es/wp-content/uploads/2015/12/Los-buscadores-m%C3%A1s-usados.png"
"https://seohacks.es/wp-content/uploads/2016/12/https.png","image/png","200","OK","Indexable","","","0","0","","0","0","","0","","0","","0","","0","","","","","","","","","14680","0","0.000","2","","1","1","3.700","0","0","0","0","","","","","","0.152","Thu, 22 Dec 2016 15:14:35 GMT","","","","HTTP/1.1","https://seohacks.es/wp-content/uploads/2016/12/https.png"
"https://seohacks.es/wp-content/uploads/2016/12/https-google.png","image/png","200","OK","Indexable","","","0","0","","0","0","","0","","0","","0","","0","","","","","","","","","7477","0","0.000","2","","1","1","3.700","0","0","0","0","","","","","","0.128","Thu, 22 Dec 2016 16:10:39 GMT","","","","HTTP/1.1","https://seohacks.es/wp-content/uploads/2016/12/https-google.png"
"https://seohacks.es/wp-content/uploads/2016/12/certificado-ssl-chrome.png","image/png","200","OK","Indexable","","","0","0","","0","0","","0","","0","","0","","0","","","","","","","","","6797","0","0.000","2","","1","1","3.700","0","0","0","0","","","","","","0.180","Thu, 22 Dec 2016 16:05:47 GMT","","","","HTTP/1.1","https://seohacks.es/wp-content/uploads/2016/12/certificado-ssl-chrome.png"
"https://seohacks.es/wp-content/uploads/2016/12/seo-https.png","image/png","200","OK","Indexable","","","0","0","","0","0","","0","","0","","0","","0","","","","","","","","","21874","0","0.000","2","","1","1","3.700","0","0","0","0","","","","","","0.174","Thu, 22 Dec 2016 15:53:39 GMT","","","","HTTP/1.1","https://seohacks.es/wp-content/uploads/2016/12/seo-https.png"
"https://seohacks.es/wp-content/uploads/2017/03/robots-txt.jpg","image/jpeg","200","OK","Indexable","","","0","0","","0","0","","0","","0","","0","","0","","","","","","","","","26671","0","0.000","2","","1","1","3.700","0","0","0","0","","","","","","0.209","Mon, 13 Mar 2017 15:24:32 GMT","","","","HTTP/1.1","https://seohacks.es/wp-content/uploads/2017/03/robots-txt.jpg"
"https://seohacks.es/wp-content/uploads/2017/03/nofollow-seo.jpg","image/jpeg","200","OK","Indexable","","","0","0","","0","0","","0","","0","","0","","0","","","","","","","","","34377","0","0.000","2","","1","1","3.700","0","0","0","0","","","","","","0.230","Tue, 14 Mar 2017 17:49:59 GMT","","","","HTTP/1.1","https://seohacks.es/wp-content/uploads/2017/03/nofollow-seo.jpg"
"https://seohacks.es/wp-content/uploads/2017/03/noindex-seo.jpg","image/jpeg","200","OK","Indexable","","","0","0","","0","0","","0","","0","","0","","0","","","","","","","","","39631","0","0.000","2","","1","1","3.700","0","0","0","0","","","","","","0.209","Tue, 14 Mar 2017 17:12:07 GMT","","","","HTTP/1.1","https://seohacks.es/wp-content/uploads/2017/03/noindex-seo.jpg"
"https://seohacks.es/wp-content/uploads/2017/03/meta-etiqueta-robots.jpg","image/jpeg","200","OK","Indexable","","","0","0","","0","0","","0","","0","","0","","0","","","","","","","","","65190","0","0.000","2","","1","1","3.700","0","0","0","0","","","","","","0.245","Mon, 13 Mar 2017 22:12:27 GMT","","","","HTTP/1.1","https://seohacks.es/wp-content/uploads/2017/03/meta-etiqueta-robots.jpg"
"https://seohacks.es/wp-content/uploads/2017/03/optimizar-frecuencia-de-rastreo.jpg","image/jpeg","200","OK","Indexable","","","0","0","","0","0","","0","","0","","0","","0","","","","","","","","","48641","0","0.000","2","","1","1","3.700","0","0","0","0","","","","","","0.200","Mon, 13 Mar 2017 21:57:30 GMT","","","","HTTP/1.1","https://seohacks.es/wp-content/uploads/2017/03/optimizar-frecuencia-de-rastreo.jpg"
"https://seohacks.es/wp-content/uploads/2017/03/etiqueta-meta-robots.jpg","image/jpeg","200","OK","Indexable","","","0","0","","0","0","","0","","0","","0","","0","","","","","","","","","34264","0","0.000","2","","1","1","3.700","0","0","0","0","","","","","","0.143","Tue, 14 Mar 2017 17:53:17 GMT","","","","HTTP/1.1","https://seohacks.es/wp-content/uploads/2017/03/etiqueta-meta-robots.jpg"
"https://seohacks.es/wp-content/uploads/2017/03/archivo-robots.jpg","image/jpeg","200","OK","Indexable","","","0","0","","0","0","","0","","0","","0","","0","","","","","","","","","7891","0","0.000","2","","1","1","3.700","0","0","0","0","","","","","","0.167","Mon, 13 Mar 2017 17:03:23 GMT","","","","HTTP/1.1","https://seohacks.es/wp-content/uploads/2017/03/archivo-robots.jpg"
"https://seohacks.es/el-dia-a-dia-de-un-seo-en-gifs/","text/html; charset=UTF-8","200","OK","Indexable","","El día a día de un SEO en GIFs | SEO Hacks por Nacho Mascort","60","580","","0","0","","0","El día a día de un SEO en GIFs","30","Mirando tu analytics","20","Contestando mails de clientes","29","","","","https://seohacks.es/el-dia-a-dia-de-un-seo-en-gifs/","","","","","53569","1180","13.180","2","","29","5","18.520","45","20","14","10","","","","","73e1c90fcdb9d3edc8bbc9cea6979d81","0.148","Thu, 10 Dec 2020 18:10:39 GMT","","","","HTTP/1.1","https://seohacks.es/el-dia-a-dia-de-un-seo-en-gifs/"
"https://seohacks.es/wp-content/uploads/2015/11/que-es-el-Thin-Content-750x372.png","image/png","200","OK","Indexable","","","0","0","","0","0","","0","","0","","0","","0","","","","","","","","","46609","0","0.000","2","","0","0","0.000","0","0","0","0","","","","","","0.174","Tue, 04 Oct 2016 09:52:10 GMT","","","","HTTP/1.1","https://seohacks.es/wp-content/uploads/2015/11/que-es-el-Thin-Content-750x372.png"
"https://seohacks.es/wp-content/uploads/2015/11/SEO-On-Page-750x410.png","image/png","200","OK","Indexable","","","0","0","","0","0","","0","","0","","0","","0","","","","","","","","","207884","0","0.000","2","","0","0","0.000","0","0","0","0","","","","","","0.185","Tue, 04 Oct 2016 09:52:11 GMT","","","","HTTP/1.1","https://seohacks.es/wp-content/uploads/2015/11/SEO-On-Page-750x410.png"
"https://seohacks.es/wp-content/uploads/2015/12/Screenshot_2-750x410.png","image/png","200","OK","Indexable","","","0","0","","0","0","","0","","0","","0","","0","","","","","","","","","251612","0","0.000","2","","0","0","0.000","0","0","0","0","","","","","","0.227","Tue, 04 Oct 2016 09:52:19 GMT","","","","HTTP/1.1","https://seohacks.es/wp-content/uploads/2015/12/Screenshot_2-750x410.png"
"https://seohacks.es/200-factores-seo-que-posicionan-en-google/","text/html; charset=UTF-8","200","OK","Indexable","","200 Factores SEO que Google tiene en cuenta | SEO Hacks","55","537","Alguna vez te has preguntado: ¿que factores tienen en cuenta Google? En este post te desvelo más de 200 factores SEO a tener en cuenta.","135","893","","0","Los 200 factores SEO que posicionan en Google","45","Factores de dominio","19","Factores SEO On Page","20","","","","https://seohacks.es/200-factores-seo-que-posicionan-en-google/","","","","","66234","1525","13.204","2","","36","5","18.520","54","21","16","12","","","","","cf80dbbdd039aa4239a9a7546b99e8af","0.150","Thu, 10 Dec 2020 19:49:01 GMT","","","","HTTP/1.1","https://seohacks.es/200-factores-seo-que-posicionan-en-google/"
"https://seohacks.es/wp-content/uploads/2015/12/dia-a-dia-de-un-SEO-750x340.png","image/png","200","OK","Indexable","","","0","0","","0","0","","0","","0","","0","","0","","","","","","","","","63170","0","0.000","2","","0","0","0.000","0","0","0","0","","","","","","0.230","Tue, 04 Oct 2016 09:52:13 GMT","","","","HTTP/1.1","https://seohacks.es/wp-content/uploads/2015/12/dia-a-dia-de-un-SEO-750x340.png"
"https://seohacks.es/wp-content/uploads/2016/01/SEO-Black-Hat-1-750x291.jpg","image/jpeg","200","OK","Indexable","","","0","0","","0","0","","0","","0","","0","","0","","","","","","","","","46942","0","0.000","2","","0","0","0.000","0","0","0","0","","","","","","0.187","Tue, 04 Oct 2016 09:52:24 GMT","","","","HTTP/1.1","https://seohacks.es/wp-content/uploads/2016/01/SEO-Black-Hat-1-750x291.jpg"
"https://seohacks.es/analisis-pagina-web-seo-on-page/","text/html; charset=UTF-8","200","OK","Indexable","","SEO On Page: Análisis de una página web optimizada","50","482","","0","0","","0","[Infografía] SEO On-Page: Análisis de una web perfectamente optimizada","70","Optimiza los Titles de tu web","29","Meta-descripción","16","","","","https://seohacks.es/analisis-pagina-web-seo-on-page/","","","","","63164","2200","21.514","2","","36","5","18.520","53","21","17","13","","","","","bef173840c0b2e2e0381b621914a7b0c","0.177","Thu, 10 Dec 2020 18:10:27 GMT","","","","HTTP/1.1","https://seohacks.es/analisis-pagina-web-seo-on-page/"
"https://seohacks.es/wp-content/uploads/2016/01/autoridad-vs-credibilidad-seo-750x337.jpg","image/jpeg","200","OK","Indexable","","","0","0","","0","0","","0","","0","","0","","0","","","","","","","","","30799","0","0.000","2","","0","0","0.000","0","0","0","0","","","","","","0.182","Tue, 04 Oct 2016 09:52:21 GMT","","","","HTTP/1.1","https://seohacks.es/wp-content/uploads/2016/01/autoridad-vs-credibilidad-seo-750x337.jpg"
"https://seohacks.es/wp-content/uploads/2016/04/web-hackeada-1024x496.jpg","image/jpeg","200","OK","Indexable","","","0","0","","0","0","","0","","0","","0","","0","","","","","","","","","137057","0","0.000","2","","0","0","0.000","0","0","0","0","","","","","","0.223","Tue, 04 Oct 2016 09:52:38 GMT","","","","HTTP/1.1","https://seohacks.es/wp-content/uploads/2016/04/web-hackeada-1024x496.jpg"
"https://seohacks.es/wp-content/uploads/2016/04/web-hackeada.jpg","image/jpeg","200","OK","Indexable","","","0","0","","0","0","","0","","0","","0","","0","","","","","","","","","331426","0","0.000","2","","1","1","3.700","0","0","0","0","","","","","","0.203","Tue, 04 Oct 2016 09:52:39 GMT","","","","HTTP/1.1","https://seohacks.es/wp-content/uploads/2016/04/web-hackeada.jpg"
"https://seohacks.es/wp-content/uploads/2016/04/redirect-path-e1459885254328.jpg","image/jpeg","200","OK","Indexable","","","0","0","","0","0","","0","","0","","0","","0","","","","","","","","","23529","0","0.000","2","","0","0","0.000","0","0","0","0","","","","","","0.207","Tue, 04 Oct 2016 09:52:37 GMT","","","","HTTP/1.1","https://seohacks.es/wp-content/uploads/2016/04/redirect-path-e1459885254328.jpg"
"https://seohacks.es/wp-content/uploads/2016/04/Cloaking.jpg","image/jpeg","200","OK","Indexable","","","0","0","","0","0","","0","","0","","0","","0","","","","","","","","","138162","0","0.000","2","","1","1","3.700","0","0","0","0","","","","","","0.275","Tue, 04 Oct 2016 09:52:34 GMT","","","","HTTP/1.1","https://seohacks.es/wp-content/uploads/2016/04/Cloaking.jpg"
"https://seohacks.es/wp-content/uploads/2016/04/user-agent-switch.jpg","image/jpeg","200","OK","Indexable","","","0","0","","0","0","","0","","0","","0","","0","","","","","","","","","41994","0","0.000","2","","1","1","3.700","0","0","0","0","","","","","","0.240","Tue, 04 Oct 2016 09:52:38 GMT","","","","HTTP/1.1","https://seohacks.es/wp-content/uploads/2016/04/user-agent-switch.jpg"
"https://seohacks.es/wp-content/uploads/2016/04/redirect-path.jpg","image/jpeg","200","OK","Indexable","","","0","0","","0","0","","0","","0","","0","","0","","","","","","","","","21919","0","0.000","2","","1","1","3.700","0","0","0","0","","","","","","0.157","Tue, 04 Oct 2016 09:52:38 GMT","","","","HTTP/1.1","https://seohacks.es/wp-content/uploads/2016/04/redirect-path.jpg"
"https://seohacks.es/wp-content/uploads/2016/04/ejemplo-de-cloaking.jpg","image/jpeg","200","OK","Indexable","","","0","0","","0","0","","0","","0","","0","","0","","","","","","","","","19237","0","0.000","2","","1","1","3.700","0","0","0","0","","","","","","0.210","Tue, 04 Oct 2016 09:52:34 GMT","","","","HTTP/1.1","https://seohacks.es/wp-content/uploads/2016/04/ejemplo-de-cloaking.jpg"
"https://seohacks.es/wp-content/uploads/2016/04/alex-navarro.png","image/png","200","OK","Indexable","","","0","0","","0","0","","0","","0","","0","","0","","","","","","","","","77115","0","0.000","2","","1","1","3.700","0","0","0","0","","","","","","0.153","Tue, 04 Oct 2016 09:52:33 GMT","","","","HTTP/1.1","https://seohacks.es/wp-content/uploads/2016/04/alex-navarro.png"
"https://seohacks.es/wp-content/uploads/2016/04/enlazado-interno.jpg","image/jpeg","200","OK","Indexable","","","0","0","","0","0","","0","","0","","0","","0","","","","","","","","","33349","0","0.000","2","","1","1","3.700","0","0","0","0","","","","","","0.288","Tue, 04 Oct 2016 09:52:34 GMT","","","","HTTP/1.1","https://seohacks.es/wp-content/uploads/2016/04/enlazado-interno.jpg"
"https://seohacks.es/wp-content/uploads/2016/04/nivel-3-como-conseguir-enlaces.jpg","image/jpeg","200","OK","Indexable","","","0","0","","0","0","","0","","0","","0","","0","","","","","","","","","31306","0","0.000","2","","1","1","3.700","0","0","0","0","","","","","","0.166","Tue, 04 Oct 2016 09:52:37 GMT","","","","HTTP/1.1","https://seohacks.es/wp-content/uploads/2016/04/nivel-3-como-conseguir-enlaces.jpg"
"https://seohacks.es/wp-content/uploads/2016/04/matriz-de-interlinking.jpg","image/jpeg","200","OK","Indexable","","","0","0","","0","0","","0","","0","","0","","0","","","","","","","","","126904","0","0.000","2","","1","1","3.700","0","0","0","0","","","","","","0.237","Tue, 04 Oct 2016 09:52:36 GMT","","","","HTTP/1.1","https://seohacks.es/wp-content/uploads/2016/04/matriz-de-interlinking.jpg"
"https://seohacks.es/wp-content/uploads/2016/04/nivel-0-money-site.jpg","image/jpeg","200","OK","Indexable","","","0","0","","0","0","","0","","0","","0","","0","","","","","","","","","29328","0","0.000","2","","1","1","3.700","0","0","0","0","","","","","","0.202","Tue, 04 Oct 2016 09:52:36 GMT","","","","HTTP/1.1","https://seohacks.es/wp-content/uploads/2016/04/nivel-0-money-site.jpg"
"https://seohacks.es/wp-content/uploads/2016/04/nivel-2-Private-Blog-Network-PBN.jpg","image/jpeg","200","OK","Indexable","","","0","0","","0","0","","0","","0","","0","","0","","","","","","","","","32333","0","0.000","2","","1","1","3.700","0","0","0","0","","","","","","0.151","Tue, 04 Oct 2016 09:52:37 GMT","","","","HTTP/1.1","https://seohacks.es/wp-content/uploads/2016/04/nivel-2-Private-Blog-Network-PBN.jpg"
"https://seohacks.es/wp-content/uploads/2016/04/interlinking.jpg","image/jpeg","200","OK","Indexable","","","0","0","","0","0","","0","","0","","0","","0","","","","","","","","","65860","0","0.000","2","","1","1","3.700","0","0","0","0","","","","","","0.301","Tue, 04 Oct 2016 09:52:35 GMT","","","","HTTP/1.1","https://seohacks.es/wp-content/uploads/2016/04/interlinking.jpg"
"https://seohacks.es/wp-content/uploads/2016/04/nivel-1-blogs-de-periodicos-y-universidades.jpg","image/jpeg","200","OK","Indexable","","","0","0","","0","0","","0","","0","","0","","0","","","","","","","","","41250","0","0.000","2","","1","1","3.700","0","0","0","0","","","","","","0.163","Tue, 04 Oct 2016 09:52:36 GMT","","","","HTTP/1.1","https://seohacks.es/wp-content/uploads/2016/04/nivel-1-blogs-de-periodicos-y-universidades.jpg"
"https://seohacks.es/wp-content/uploads/2016/04/Tier-link-building.jpg","image/jpeg","200","OK","Indexable","","","0","0","","0","0","","0","","0","","0","","0","","","","","","","","","134312","0","0.000","2","","1","1","3.700","0","0","0","0","","","","","","0.211","Tue, 04 Oct 2016 09:52:39 GMT","","","","HTTP/1.1","https://seohacks.es/wp-content/uploads/2016/04/Tier-link-building.jpg"
"https://seohacks.es/wp-content/uploads/2016/04/link-building.jpg","image/jpeg","200","OK","Indexable","","","0","0","","0","0","","0","","0","","0","","0","","","","","","","","","100711","0","0.000","2","","1","1","3.700","0","0","0","0","","","","","","0.186","Tue, 04 Oct 2016 09:52:35 GMT","","","","HTTP/1.1","https://seohacks.es/wp-content/uploads/2016/04/link-building.jpg"
"https://seohacks.es/wp-content/uploads/2016/04/alex-navarro-218x300.png","image/png","200","OK","Indexable","","","0","0","","0","0","","0","","0","","0","","0","","","","","","","","","88165","0","0.000","2","","0","0","0.000","0","0","0","0","","","","","","0.179","Tue, 04 Oct 2016 09:52:33 GMT","","","","HTTP/1.1","https://seohacks.es/wp-content/uploads/2016/04/alex-navarro-218x300.png"
"https://seohacks.es/wp-content/uploads/2016/02/Page-Quality-Rating-Scale.jpg","image/jpeg","200","OK","Indexable","","","0","0","","0","0","","0","","0","","0","","0","","","","","","","","","6432","0","0.000","2","","1","1","3.700","0","0","0","0","","","","","","0.083","Tue, 04 Oct 2016 09:52:30 GMT","","","","HTTP/1.1","https://seohacks.es/wp-content/uploads/2016/02/Page-Quality-Rating-Scale.jpg"
"https://seohacks.es/wp-content/uploads/2016/02/needs-met-rating.jpg","image/jpeg","200","OK","Indexable","","","0","0","","0","0","","0","","0","","0","","0","","","","","","","","","76227","0","0.000","2","","1","1","3.700","0","0","0","0","","","","","","0.082","Tue, 04 Oct 2016 09:52:30 GMT","","","","HTTP/1.1","https://seohacks.es/wp-content/uploads/2016/02/needs-met-rating.jpg"
"https://seohacks.es/wp-content/plugins/js_composer/assets/js/js_composer_front.js?ver=4.7.4","application/javascript","200","OK","Indexable","","","0","0","","0","0","","0","","0","","0","","0","","","","","","","","","8700","0","0.000","2","","0","0","0.000","0","0","0","0","","","","","","0.092","Tue, 04 Oct 2016 09:53:27 GMT","","","","HTTP/1.1","https://seohacks.es/wp-content/plugins/js_composer/assets/js/js_composer_front.js?ver=4.7.4"
"https://seohacks.es/analizando-tecnica-seo-piel-de-cordero/","text/html; charset=UTF-8","200","OK","Indexable","","Piel de cordero: Analizando la técnica Black Hat | SEO Hacks","60","544","Buenas querido lector! Hoy te traigo un tema bastante interesante, hace un par de semanas quede con unos SEOs de Barcelona para ir a tomar algo y ponernos a","156","1034","","0","Piel de cordero: Analizando la técnica Black Hat","48","Piel de Cordero SEO","19","¿Cómo se aplica esta técnica?","29","","","","https://seohacks.es/analizando-tecnica-seo-piel-de-cordero/","","","","","86557","2217","16.061","2","","63","5","18.520","90","22","21","17","","","","","9af794390efac54dda352e723779d932","0.141","Thu, 10 Dec 2020 19:49:18 GMT","","","","HTTP/1.1","https://seohacks.es/analizando-tecnica-seo-piel-de-cordero/"
"https://seohacks.es/credibilidad-vs-autoridad-eat/","text/html; charset=UTF-8","200","OK","Indexable","","Nueva TENDENCIA SEO 2016: Credibilidad vs Autoridad","51","506","Desde que Google publicó su nueva Guía de los Quality Raters creo cada vez más que la próxima tendencia será la credibilidad y no la autoridad.","143","926","","0","Nueva tendencia SEO 2016: credibilidad vs autoridad","51","Expertise / Authoritativeness / Trustworthiness (EAT)","53","Autoridad","9","","","","https://seohacks.es/credibilidad-vs-autoridad-eat/","","","","","62989","1765","16.838","2","","26","6","22.220","43","21","20","16","","","","","d834d0bce1bfcedf4beb7a5638a67ca3","0.137","Thu, 10 Dec 2020 22:49:53 GMT","","","","HTTP/1.1","https://seohacks.es/credibilidad-vs-autoridad-eat/"
"https://seohacks.es/wp-content/uploads/2016/02/quality-rater.jpg","image/jpeg","200","OK","Indexable","","","0","0","","0","0","","0","","0","","0","","0","","","","","","","","","39696","0","0.000","2","","1","1","3.700","0","0","0","0","","","","","","0.098","Tue, 04 Oct 2016 09:52:31 GMT","","","","HTTP/1.1","https://seohacks.es/wp-content/uploads/2016/02/quality-rater.jpg"
"https://seohacks.es/wp-content/uploads/2016/02/guia-quality-raters-google.jpg","image/jpeg","200","OK","Indexable","","","0","0","","0","0","","0","","0","","0","","0","","","","","","","","","17183","0","0.000","2","","1","1","3.700","0","0","0","0","","","","","","0.120","Tue, 04 Oct 2016 09:52:26 GMT","","","","HTTP/1.1","https://seohacks.es/wp-content/uploads/2016/02/guia-quality-raters-google.jpg"
"https://seohacks.es/wp-content/uploads/2015/10/verificar-search-console.jpg","image/jpeg","200","OK","Indexable","","","0","0","","0","0","","0","","0","","0","","0","","","","","","","","","69606","0","0.000","2","","1","1","3.700","0","0","0","0","","","","","","0.210","Tue, 04 Oct 2016 09:52:08 GMT","","","","HTTP/1.1","https://seohacks.es/wp-content/uploads/2015/10/verificar-search-console.jpg"
"https://seohacks.es/wp-content/uploads/2016/01/SEO-Moz.jpg","image/jpeg","200","OK","Indexable","","","0","0","","0","0","","0","","0","","0","","0","","","","","","","","","86903","0","0.000","3","","1","1","3.700","0","0","0","0","","","","","","0.184","Tue, 04 Oct 2016 09:52:24 GMT","","","","HTTP/1.1","https://seohacks.es/wp-content/uploads/2016/01/SEO-Moz.jpg"
"https://seohacks.es/wp-content/uploads/2016/01/piel-de-cordero-SEO-2-1024x469.jpg","image/jpeg","200","OK","Indexable","","","0","0","","0","0","","0","","0","","0","","0","","","","","","","","","41461","0","0.000","3","","0","0","0.000","0","0","0","0","","","","","","0.203","Tue, 04 Oct 2016 09:52:22 GMT","","","","HTTP/1.1","https://seohacks.es/wp-content/uploads/2016/01/piel-de-cordero-SEO-2-1024x469.jpg"
"https://seohacks.es/wp-content/uploads/2016/01/piel-de-cordero-SEO-3-e1453664208622.jpg","image/jpeg","200","OK","Indexable","","","0","0","","0","0","","0","","0","","0","","0","","","","","","","","","54653","0","0.000","3","","0","0","0.000","0","0","0","0","","","","","","0.194","Tue, 04 Oct 2016 09:52:23 GMT","","","","HTTP/1.1","https://seohacks.es/wp-content/uploads/2016/01/piel-de-cordero-SEO-3-e1453664208622.jpg"
"https://seohacks.es/wp-content/uploads/2016/01/piel-de-cordero-SEO-2.jpg","image/jpeg","200","OK","Indexable","","","0","0","","0","0","","0","","0","","0","","0","","","","","","","","","40850","0","0.000","3","","1","1","3.700","0","0","0","0","","","","","","0.206","Tue, 04 Oct 2016 09:52:23 GMT","","","","HTTP/1.1","https://seohacks.es/wp-content/uploads/2016/01/piel-de-cordero-SEO-2.jpg"
"https://seohacks.es/wp-content/uploads/2016/01/piel-de-cordero-SEO-1.jpg","image/jpeg","200","OK","Indexable","","","0","0","","0","0","","0","","0","","0","","0","","","","","","","","","50850","0","0.000","3","","1","1","3.700","0","0","0","0","","","","","","0.213","Tue, 04 Oct 2016 09:52:22 GMT","","","","HTTP/1.1","https://seohacks.es/wp-content/uploads/2016/01/piel-de-cordero-SEO-1.jpg"
"https://seohacks.es/wp-content/uploads/2016/01/piel-de-cordero-SEO-3.jpg","image/jpeg","200","OK","Indexable","","","0","0","","0","0","","0","","0","","0","","0","","","","","","","","","50544","0","0.000","3","","1","1","3.700","0","0","0","0","","","","","","0.230","Tue, 04 Oct 2016 09:52:23 GMT","","","","HTTP/1.1","https://seohacks.es/wp-content/uploads/2016/01/piel-de-cordero-SEO-3.jpg"
"https://seohacks.es/wp-content/uploads/2015/11/Analisis-SEO-On-Page.jpg","image/jpeg","200","OK","Indexable","","","0","0","","0","0","","0","","0","","0","","0","","","","","","","","","598090","0","0.000","3","","1","1","3.700","0","0","0","0","","","","","","0.175","Tue, 04 Oct 2016 09:52:09 GMT","","","","HTTP/1.1","https://seohacks.es/wp-content/uploads/2015/11/Analisis-SEO-On-Page.jpg"
"https://seohacks.es/cdn-cgi/styles/cf.errors.css","text/css","200","OK","Indexable","","","0","0","","0","0","","0","","0","","0","","0","","","","","","","","","0","0","0.000","3","","0","0","0.000","0","0","0","0","","","","","","0.113","Thu, 10 Dec 2020 17:13:20 GMT","","","","HTTP/1.1","https://seohacks.es/cdn-cgi/styles/cf.errors.css"
"https://www.seohacks.es/ir/semrush","text/html; charset=UTF-8","307","Temporary Redirect","Non-Indexable","Redirected","","0","0","","0","0","","0","","0","","0","","0","","","","","","","","","0","0","0.000","3","","0","0","0.000","0","0","0","0","","","","","","0.566","","https://es.semrush.com/sem/?ref=15300705","HTTP Redirect","","HTTP/1.1","https://www.seohacks.es/ir/semrush"
